Brand,Model,Generation,Engine,URL,Cylinders:,Displacement:,Power:,Torque:,Fuel System:,Fuel:,Fuel capacity:,Top Speed:,Drive Type:,Gearbox:,Front:,Rear:,Tire Size:,Length:,Width:,Height:,Front/rear Track:,Wheelbase:,Cargo Volume:,Unladen Weight:,Combined:,Acceleration 0-62 Mph (0-100 kph):,Aerodynamics (Cd):,Aerodynamics (frontal area):,Turning circle (wall to wall):,City:,Highway:,Ground Clearance:,Gross Weight Limit:,Turning circle:,Turning circle (curb to curb):,Electrical motor power:,Electrical motor torque:,Total maximum power:,Total maximum torque:,CO2 Emissions:,Power pack:,Nominal Capacity:,Range:,Maximum Capacity:,CO2 Emissions (Combined):,Low:,Medium:,High:,Extra high:,Top speed (electrical):,Observations:,Fuel capacity (optional):,CO2 Emissions (Extra high):,CNG cylinder capacity:,City (CNG):,Highway (CNG):,Combined (CNG):,Low (CNG):,Medium (CNG):,High (CNG):,Extra high (CNG):,Charger type:,Charging time (normal):,CO2 Emissions (Medium):,CO2 Emissions (Low):,CO2 Emissions (High):,City (EPA):,Highway (EPA):,Combined (EPA):,Fuel capacity (CNG):,Charging time (quick):,Fuel capacity (hydrogen):
MCLAREN,MCLAREN 750S,"2024 McLaren 750S Photos, engines & full specs",MCLAREN 750S4.0L V8 7AT RWD (750 HP),https://www.autoevolution.com/cars/mclaren-750s-2023.html,V8,3994 cm3,551.6 KW @ 7500 RPM750 HP @ 7500 RPM740 BHP @ 7500 RPM,590 lb-ft @ 5500-6000 RPM800 Nm @ 5500-6000 RPM,Turbocharged Direct Injection,Gasoline,19 gallons (71.9 L),,,,,,,,,,,,,,,,,,,,,,,,,,,,,,,,,,,,,,,,,,,,,,,,,,,,,,,,,,,,,
MCLAREN,MCLAREN 750S,"2024 McLaren 750S Photos, engines & full specs",MCLAREN 750S4.0L V8 7AT RWD (750 HP),https://www.autoevolution.com/cars/mclaren-750s-2023.html,,,,,,,,206 mph (332 km/h),,,,,,,,,,,,,,2.8 s,,,,,,,,,,,,,,,,,,,,,,,,,,,,,,,,,,,,,,,,,,,,,,
MCLAREN,MCLAREN 750S,"2024 McLaren 750S Photos, engines & full specs",MCLAREN 750S4.0L V8 7AT RWD (750 HP),https://www.autoevolution.com/cars/mclaren-750s-2023.html,,,,,,,,,Rear Wheel Drive,7-speed automatic,,,,,,,,,,,,,,,,,,,,,,,,,,,,,,,,,,,,,,,,,,,,,,,,,,,,,,,,,,
MCLAREN,MCLAREN 750S,"2024 McLaren 750S Photos, engines & full specs",MCLAREN 750S4.0L V8 7AT RWD (750 HP),https://www.autoevolution.com/cars/mclaren-750s-2023.html,,,,,,,,,,,Ventilated Discs,Ventilated Discs,,,,,,,,,,,,,,,,,,,,,,,,,,,,,,,,,,,,,,,,,,,,,,,,,,,,,,,,
MCLAREN,MCLAREN 750S,"2024 McLaren 750S Photos, engines & full specs",MCLAREN 750S4.0L V8 7AT RWD (750 HP),https://www.autoevolution.com/cars/mclaren-750s-2023.html,,,,,,,,,,,,,245/35 R19 93Y XL // 305/30 R20 103Y XL,,,,,,,,,,,,,,,,,,,,,,,,,,,,,,,,,,,,,,,,,,,,,,,,,,,,,,,
MCLAREN,MCLAREN 750S,"2024 McLaren 750S Photos, engines & full specs",MCLAREN 750S4.0L V8 7AT RWD (750 HP),https://www.autoevolution.com/cars/mclaren-750s-2023.html,,,,,,,,,,,,,,179.9 in (4569 mm),76 in (1930 mm),47.1 in (1196 mm),"66.1/64.1 in (1,679/1,628 mm)",105.1 in (2670 mm),12.7 cuFT (360 L),,,,,,,,,,,,,,,,,,,,,,,,,,,,,,,,,,,,,,,,,,,,,,,,,
MCLAREN,MCLAREN 750S,"2024 McLaren 750S Photos, engines & full specs",MCLAREN 750S4.0L V8 7AT RWD (750 HP),https://www.autoevolution.com/cars/mclaren-750s-2023.html,,,,,,,,,,,,,,,,,,,,3062 lbs (1389 kg),,,,,,,,,,,,,,,,,,,,,,,,,,,,,,,,,,,,,,,,,,,,,,,,
MCLAREN,MCLAREN 750S,"2024 McLaren 750S Photos, engines & full specs",MCLAREN 750S4.0L V8 7AT RWD (750 HP),https://www.autoevolution.com/cars/mclaren-750s-2023.html,,,,,,,,,,,,,,,,,,,,,19.3 mpg US (12.2 L/100Km),,,,,,,,,,,,,,,,,,,,276 g/km,10.7 mpg US (22 L/100Km),21 mpg US (11.2 L/100Km),24 mpg US (9.8 L/100Km),21.4 mpg US (11 L/100Km),,,,250 g/km,,,,,,,,,,,255 g/km,500 g/km,223 g/km,,,,,,
MCLAREN,MCLAREN 750S,"2024 McLaren 750S Spider Photos, engines & full specs",MCLAREN 750S Spider4.0L V8 RWD 7AT (750 HP),https://www.autoevolution.com/cars/mclaren-750s-spider-2023.html,V8,,551.6 KW @ 7500 RPM750 HP @ 7500 RPM740 BHP @ 7500 RPM,590 lb-ft @ 5500-6000 RPM800 Nm @ 5500-6000 RPM,Turbocharged Direct Injection,Gasoline,19 gallons (71.9 L),,,,,,,,,,,,,,,,,,,,,,,,,,,,,,,,,,,,,,,,,,,,,,,,,,,,,,,,,,,,,
MCLAREN,MCLAREN 750S,"2024 McLaren 750S Spider Photos, engines & full specs",MCLAREN 750S Spider4.0L V8 RWD 7AT (750 HP),https://www.autoevolution.com/cars/mclaren-750s-spider-2023.html,,,,,,,,206 mph (332 km/h),,,,,,,,,,,,,,2.8 s,,,,,,,,,,,,,,,,,,,,,,,,,,,,,,,,,,,,,,,,,,,,,,
MCLAREN,MCLAREN 750S,"2024 McLaren 750S Spider Photos, engines & full specs",MCLAREN 750S Spider4.0L V8 RWD 7AT (750 HP),https://www.autoevolution.com/cars/mclaren-750s-spider-2023.html,,,,,,,,,Rear Wheel Drive,7-speed automatic,,,,,,,,,,,,,,,,,,,,,,,,,,,,,,,,,,,,,,,,,,,,,,,,,,,,,,,,,,
MCLAREN,MCLAREN 750S,"2024 McLaren 750S Spider Photos, engines & full specs",MCLAREN 750S Spider4.0L V8 RWD 7AT (750 HP),https://www.autoevolution.com/cars/mclaren-750s-spider-2023.html,,,,,,,,,,,Ventilated Discs,Ventilated Discs,,,,,,,,,,,,,,,,,,,,,,,,,,,,,,,,,,,,,,,,,,,,,,,,,,,,,,,,
MCLAREN,MCLAREN 750S,"2024 McLaren 750S Spider Photos, engines & full specs",MCLAREN 750S Spider4.0L V8 RWD 7AT (750 HP),https://www.autoevolution.com/cars/mclaren-750s-spider-2023.html,,,,,,,,,,,,,,179.9 in (4569 mm),,,,,7.3 cuFT (207 L),,,,,,,,,,,,,,,,,,,,,,,,,,,,,,,,,,,,,,,,,,,,,,,,,
MCLAREN,MCLAREN 750S,"2024 McLaren 750S Spider Photos, engines & full specs",MCLAREN 750S Spider4.0L V8 RWD 7AT (750 HP),https://www.autoevolution.com/cars/mclaren-750s-spider-2023.html,,,,,,,,,,,,,,,,,,,,3170 lbs (1438 kg),,,,,,,,,,,,,,,,,,,,,,,,,,,,,,,,,,,,,,,,,,,,,,,,
MCLAREN,MCLAREN 750S,"2024 McLaren 750S Spider Photos, engines & full specs",MCLAREN 750S Spider4.0L V8 RWD 7AT (750 HP),https://www.autoevolution.com/cars/mclaren-750s-spider-2023.html,,,,,,,,,,,,,,,,,,,,,19.3 mpg US (12.2 L/100Km),,,,,,,,,,,,,,,,,,,,276 g/km,10.7 mpg US (22 L/100Km),21 mpg US (11.2 L/100Km),24 mpg US (9.8 L/100Km),21.4 mpg US (11 L/100Km),,,,250 g/km,,,,,,,,,,,255 g/km,500 g/km,223 g/km,,,,,,
MCLAREN,MCLAREN GT,"2020 MCLAREN GT Photos, engines & full specs",MCLAREN GT4.0L V8 7AT RWD (620 HP),https://www.autoevolution.com/cars/mclaren-gt-2019.html,V8,3994 cm3,456 KW @ 7500 RPM620 HP @ 7500 RPM612 BHP @ 7500 RPM,465 lb-ft @ 5500-6500 RPM630 Nm @ 5500-6500 RPM,Turbocharged Direct Injection,Gasoline,19 gallons (71.9 L),,,,,,,,,,,,,,,,,,,,,,,,,,,,,,,,,,,,,,,,,,,,,,,,,,,,,,,,,,,,,
MCLAREN,MCLAREN GT,"2020 MCLAREN GT Photos, engines & full specs",MCLAREN GT4.0L V8 7AT RWD (620 HP),https://www.autoevolution.com/cars/mclaren-gt-2019.html,,,,,,,,203 mph (327 km/h),,,,,,,,,,,,,,3.2 s,,,,,,,,,,,,,,,,,,,,,,,,,,,,,,,,,,,,,,,,,,,,,,
MCLAREN,MCLAREN GT,"2020 MCLAREN GT Photos, engines & full specs",MCLAREN GT4.0L V8 7AT RWD (620 HP),https://www.autoevolution.com/cars/mclaren-gt-2019.html,,,,,,,,,Rear Wheel Drive,7-speed automatic,,,,,,,,,,,,,,,,,,,,,,,,,,,,,,,,,,,,,,,,,,,,,,,,,,,,,,,,,,
MCLAREN,MCLAREN GT,"2020 MCLAREN GT Photos, engines & full specs",MCLAREN GT4.0L V8 7AT RWD (620 HP),https://www.autoevolution.com/cars/mclaren-gt-2019.html,,,,,,,,,,,Ventilated Discs,Discs,,,,,,,,,,,,,,,,,,,,,,,,,,,,,,,,,,,,,,,,,,,,,,,,,,,,,,,,
MCLAREN,MCLAREN GT,"2020 MCLAREN GT Photos, engines & full specs",MCLAREN GT4.0L V8 7AT RWD (620 HP),https://www.autoevolution.com/cars/mclaren-gt-2019.html,,,,,,,,,,,,,225/35/R20 // 295/30/R21,,,,,,,,,,,,,,,,,,,,,,,,,,,,,,,,,,,,,,,,,,,,,,,,,,,,,,,
MCLAREN,MCLAREN GT,"2020 MCLAREN GT Photos, engines & full specs",MCLAREN GT4.0L V8 7AT RWD (620 HP),https://www.autoevolution.com/cars/mclaren-gt-2019.html,,,,,,,,,,,,,,184.4 in (4684 mm),82.5 in (2096 mm),47.8 in (1214 mm),"65.8/65.5 in (1,671/1,664 mm)",105.3 in (2675 mm),20.1 cuFT (569 L),,,,,,,,,,,,,,,,,,,,,,,,,,,,,,,,,,,,,,,,,,,,,,,,,
MCLAREN,MCLAREN GT,"2020 MCLAREN GT Photos, engines & full specs",MCLAREN GT4.0L V8 7AT RWD (620 HP),https://www.autoevolution.com/cars/mclaren-gt-2019.html,,,,,,,,,,,,,,,,,,,,3373 lbs (1530 kg),,,,,,,,,,,,,,,,,,,,,,,,,,,,,,,,,,,,,,,,,,,,,,,,
MCLAREN,MCLAREN GT,"2020 MCLAREN GT Photos, engines & full specs",MCLAREN GT4.0L V8 7AT RWD (620 HP),https://www.autoevolution.com/cars/mclaren-gt-2019.html,,,,,,,,,,,,,,,,,,,,,21.8 mpg US (10.8 L/100Km),,,,,16.1 mpg US (14.6 L/100Km),27 mpg US (8.7 L/100Km),,,,,,,,,245 g/km,,,,,,,,,,,,,,,,,,,,,,,,,,,,,,,,
MCLAREN,MCLAREN GT,"2020 MCLAREN GT Photos, engines & full specs",MCLAREN GT4.0L V8 7AT RWD (620 HP),https://www.autoevolution.com/cars/mclaren-gt-2019.html,,,,,,,,,,,,,,,,,,,,,19.8 mpg US (11.9 L/100Km),,,,,,,,,,,,,,,,,,,,270 g/km,10.6 mpg US (22.2 L/100Km),19.8 mpg US (11.9 L/100Km),25.3 mpg US (9.3 L/100Km),23.1 mpg US (10.2 L/100Km),,,,,,,,,,,,,,,,,,,,,,,
MCLAREN,MCLAREN GTS,"2024 McLaren GTS Photos, engines & full specs",MCLAREN GTS4.0L V8 7AT RWD (635 HP),https://www.autoevolution.com/cars/mclaren-gts-2023.html,V8,3994 cm3,467 KW @ 7500 RPM635 HP @ 7500 RPM626 BHP @ 7500 RPM,465 lb-ft @ 5500-6500 RPM630 Nm @ 5500-6500 RPM,Turbocharged Direct Injection,Gasoline,19 gallons (71.9 L),,,,,,,,,,,,,,,,,,,,,,,,,,,,,,,,,,,,,,,,,,,,,,,,,,,,,,,,,,,,,
MCLAREN,MCLAREN GTS,"2024 McLaren GTS Photos, engines & full specs",MCLAREN GTS4.0L V8 7AT RWD (635 HP),https://www.autoevolution.com/cars/mclaren-gts-2023.html,,,,,,,,203 mph (327 km/h),,,,,,,,,,,,,,3.2 s,,,,,,,,,,,,,,,,,,,,,,,,,,,,,,,,,,,,,,,,,,,,,,
MCLAREN,MCLAREN GTS,"2024 McLaren GTS Photos, engines & full specs",MCLAREN GTS4.0L V8 7AT RWD (635 HP),https://www.autoevolution.com/cars/mclaren-gts-2023.html,,,,,,,,,Rear Wheel Drive,"7-speed automatic+reverse SSG. Comfort, Sport and Track modes",,,,,,,,,,,,,,,,,,,,,,,,,,,,,,,,,,,,,,,,,,,,,,,,,,,,,,,,,,
MCLAREN,MCLAREN GTS,"2024 McLaren GTS Photos, engines & full specs",MCLAREN GTS4.0L V8 7AT RWD (635 HP),https://www.autoevolution.com/cars/mclaren-gts-2023.html,,,,,,,,,,,Carbon ceramic discs: 390 mm,Carbon ceramic discs: 380 mm,,,,,,,,,,,,,,,,,,,,,,,,,,,,,,,,,,,,,,,,,,,,,,,,,,,,,,,,
MCLAREN,MCLAREN GTS,"2024 McLaren GTS Photos, engines & full specs",MCLAREN GTS4.0L V8 7AT RWD (635 HP),https://www.autoevolution.com/cars/mclaren-gts-2023.html,,,,,,,,,,,,,Pirelli P ZERO 225/35/R20 // 295/30/R21,,,,,,,,,,,,,,,,,,,,,,,,,,,,,,,,,,,,,,,,,,,,,,,,,,,,,,,
MCLAREN,MCLAREN GTS,"2024 McLaren GTS Photos, engines & full specs",MCLAREN GTS4.0L V8 7AT RWD (635 HP),https://www.autoevolution.com/cars/mclaren-gts-2023.html,,,,,,,,,,,,,,184.4 in (4684 mm),80.5 in (2045 mm),47.8 in (1214 mm),"65.5/63.7 in (1,664/1,618 mm)",105.3 in (2675 mm),20.1 cuFT (569 L),,,,,,,,,,,,,,,,,,,,,,,,,,,,,,,,,,,,,,,,,,,,,,,,,
MCLAREN,MCLAREN GTS,"2024 McLaren GTS Photos, engines & full specs",MCLAREN GTS4.0L V8 7AT RWD (635 HP),https://www.autoevolution.com/cars/mclaren-gts-2023.html,,,,,,,,,,,,,,,,,,,,3351 lbs (1520 kg),,,,,,,,,,,,,,,,,,,,,,,,,,,,,,,,,,,,,,,,,,,,,,,,
MCLAREN,MCLAREN GTS,"2024 McLaren GTS Photos, engines & full specs",MCLAREN GTS4.0L V8 7AT RWD (635 HP),https://www.autoevolution.com/cars/mclaren-gts-2023.html,,,,,,,,,,,,,,,,,,,,,19.8 mpg US (11.9 L/100Km),,,,,,,,,,,,,,,,,,,,,10.6 mpg US (22.2 L/100Km),19.8 mpg US (11.9 L/100Km),25.3 mpg US (9.3 L/100Km),23.1 mpg US (10.2 L/100Km),,,,,,,,,,,,,,,,,,,,,,,
MCLAREN,MCLAREN Artura,"2025 McLaren Artura Spider Photos, engines & full specs",MCLAREN Artura Spider3.0L V6 PHEV 8AT (700 HP),https://www.autoevolution.com/cars/mclaren-artura-spider-2024.html,V6,2993 cm3,445 KW @ 7000 RPM605 HP @ 7000 RPM597 BHP @ 7000 RPM,432 lb-ft @ 2250-7000 RPM585 Nm @ 2250-7000 RPM,Turbocharged Direct Injection,Plug-in Hybrid,17.2 gallons (65.1 L),,,,,,,,,,,,,,,,,,,,,,,,,69.9 kw (95 hp),166 lb-ft (225 Nm),514.8 kw (700 hp),531 lb-ft (720 Nm),,,,,,,,,,,,,,,,,,,,,,,,,,,,,,,,,
MCLAREN,MCLAREN Artura,"2025 McLaren Artura Spider Photos, engines & full specs",MCLAREN Artura Spider3.0L V6 PHEV 8AT (700 HP),https://www.autoevolution.com/cars/mclaren-artura-spider-2024.html,,,,,,,,205 mph (330 km/h),,,,,,,,,,,,,,3 s,,,,,,,,,,,,,,,,,,,,,,,,,,,,,,,,,,,,,,,,,,,,,,
MCLAREN,MCLAREN Artura,"2025 McLaren Artura Spider Photos, engines & full specs",MCLAREN Artura Spider3.0L V6 PHEV 8AT (700 HP),https://www.autoevolution.com/cars/mclaren-artura-spider-2024.html,,,,,,,,,,"8-Speed SSG (reverse using E-motor) with Electronic Differential (E-Diff).  Electric, Comfort, Sport and Track modes",,,,,,,,,,,,,,,,,,,,,,,,,,,,,,,,,,,,,,,,,,,,,,,,,,,,,,,,,,
MCLAREN,MCLAREN Artura,"2025 McLaren Artura Spider Photos, engines & full specs",MCLAREN Artura Spider3.0L V6 PHEV 8AT (700 HP),https://www.autoevolution.com/cars/mclaren-artura-spider-2024.html,,,,,,,,,,,Carbon Ceramic Discs  390 mm,Carbon Ceramic Discs 380 mm,,,,,,,,,,,,,,,,,,,,,,,,,,,,,,,,,,,,,,,,,,,,,,,,,,,,,,,,
MCLAREN,MCLAREN Artura,"2025 McLaren Artura Spider Photos, engines & full specs",MCLAREN Artura Spider3.0L V6 PHEV 8AT (700 HP),https://www.autoevolution.com/cars/mclaren-artura-spider-2024.html,,,,,,,,,,,,,235/35/ZR19 91Y // 295/35/ZR20 105Y,,,,,,,,,,,,,,,,,,,,,,,,,,,,,,,,,,,,,,,,,,,,,,,,,,,,,,,
MCLAREN,MCLAREN Artura,"2025 McLaren Artura Spider Photos, engines & full specs",MCLAREN Artura Spider3.0L V6 PHEV 8AT (700 HP),https://www.autoevolution.com/cars/mclaren-artura-spider-2024.html,,,,,,,,,,,,,,178.7 in (4539 mm),77.8 in (1976 mm),47 in (1194 mm),"65/63.5 in (1,651/1,613 mm)",103.9 in (2639 mm),5.7 cuFT (161 L),,,,,,,,,,,,,,,,,,,,,,,,,,,,,,,,,,,,,,,,,,,,,,,,,
MCLAREN,MCLAREN Artura,"2025 McLaren Artura Spider Photos, engines & full specs",MCLAREN Artura Spider3.0L V6 PHEV 8AT (700 HP),https://www.autoevolution.com/cars/mclaren-artura-spider-2024.html,,,,,,,,,,,,,,,,,,,,3439 lbs (1560 kg),,,,,,,,,,,,,,,,,,,,,,,,,,,,,,,,,,,,,,,,,,,,,,,,
MCLAREN,MCLAREN Artura,"2025 McLaren Artura Spider Photos, engines & full specs",MCLAREN Artura Spider3.0L V6 PHEV 8AT (700 HP),https://www.autoevolution.com/cars/mclaren-artura-spider-2024.html,,,,,,,,,,,,,,,,,,,,,,,,,,,,,,,,,,,,,,7.4 kWh,11 miles (17.7 km),,,,,,,,,,,,,,,,,,,,,,,,,,,,,
MCLAREN,MCLAREN Artura,"MCLAREN Artura  (2021-Present) Photos, engines & full specs",MCLAREN Artura3.0L V6 8AT (680 HP),https://www.autoevolution.com/cars/mclaren-artura-2021.html,V6,2993 cm3,430.3 KW @ 7500 RPM585 HP @ 7500 RPM577 BHP @ 7500 RPM,432 lb-ft @ 2250-7000 RPM585 Nm @ 2250-7000 RPM,Turbocharged Direct Injection,Hybrid Gasoline,19 gallons (71.9 L),,,,,,,,,,,,,,,,,,,,,,,,,69.9 kw (95 hp),166 lb-ft (225 Nm),500.1 kw (680 hp),531 lb-ft (720 Nm),,,,,,,,,,,,,,,,,,,,,,,,,,,,,,,,,
MCLAREN,MCLAREN Artura,"MCLAREN Artura  (2021-Present) Photos, engines & full specs",MCLAREN Artura3.0L V6 8AT (680 HP),https://www.autoevolution.com/cars/mclaren-artura-2021.html,,,,,,,,205 mph (330 km/h),,,,,,,,,,,,,,3.1 s,,,,,,,,,,,,,,,,,,,,,,,,81 mph (130 km/h),,,,,,,,,,,,,,,,,,,,,,
MCLAREN,MCLAREN Artura,"MCLAREN Artura  (2021-Present) Photos, engines & full specs",MCLAREN Artura3.0L V6 8AT (680 HP),https://www.autoevolution.com/cars/mclaren-artura-2021.html,,,,,,,,,Rear Wheel Drive,8-speed automatic,,,,,,,,,,,,,,,,,,,,,,,,,,,,,,,,,,,,,,,,,,,,,,,,,,,,,,,,,,
MCLAREN,MCLAREN Artura,"MCLAREN Artura  (2021-Present) Photos, engines & full specs",MCLAREN Artura3.0L V6 8AT (680 HP),https://www.autoevolution.com/cars/mclaren-artura-2021.html,,,,,,,,,,,Ventilated Discs,Ventilated Discs,,,,,,,,,,,,,,,,,,,,,,,,,,,,,,,,,,,,,,,,,,,,,,,,,,,,,,,,
MCLAREN,MCLAREN Artura,"MCLAREN Artura  (2021-Present) Photos, engines & full specs",MCLAREN Artura3.0L V6 8AT (680 HP),https://www.autoevolution.com/cars/mclaren-artura-2021.html,,,,,,,,,,,,,235/35Z/R19 91Y // 295/35/R20 105Y,,,,,,,,,,,,,,,,,,,,,,,,,,,,,,,,,,,,,,,,,,,,,,,,,,,,,,,
MCLAREN,MCLAREN Artura,"MCLAREN Artura  (2021-Present) Photos, engines & full specs",MCLAREN Artura3.0L V6 8AT (680 HP),https://www.autoevolution.com/cars/mclaren-artura-2021.html,,,,,,,,,,,,,,178.7 in (4539 mm),77.8 in (1976 mm),47 in (1194 mm),"65/63.5 in (1,651/1,613 mm)",103.9 in (2639 mm),5.7 cuFT (161 L),,,,,,,,,,,,,,,,,,,,,,,,,,,,,,,,,,,,,,,,,,,,,,,,,
MCLAREN,MCLAREN Artura,"MCLAREN Artura  (2021-Present) Photos, engines & full specs",MCLAREN Artura3.0L V6 8AT (680 HP),https://www.autoevolution.com/cars/mclaren-artura-2021.html,,,,,,,,,,,,,,,,,,,,,,,,,,,,,,,,,,,,,,7.4 kWh,18.6 miles (29.9 km),,,,,,,,,,,,,,,,,,,,,,,,,,,,,
MCLAREN,MCLAREN 765LT,"MCLAREN 765LT  (2020-Present) Photos, engines & full specs",MCLAREN 765LT4.0L V8 7AT (765 HP),https://www.autoevolution.com/cars/mclaren-675lt-2020.html,V8,3994 cm3,562.7 KW @ 7500 RPM765 HP @ 7500 RPM755 BHP @ 7500 RPM,590 lb-ft @ 5500 RPM800 Nm @ 5500 RPM,Turbocharged Direct Injection,Gasoline,19 gallons (71.9 L),,,,,,,,,,,,,,,,,,,,,,,,,,,,,,,,,,,,,,,,,,,,,,,,,,,,,,,,,,,,,
MCLAREN,MCLAREN 765LT,"MCLAREN 765LT  (2020-Present) Photos, engines & full specs",MCLAREN 765LT4.0L V8 7AT (765 HP),https://www.autoevolution.com/cars/mclaren-675lt-2020.html,,,,,,,,205 mph (330 km/h),,,,,,,,,,,,,,2.8 s,,,,,,,,,,,,,,,,,,,,,,,,,,,,,,,,,,,,,,,,,,,,,,
MCLAREN,MCLAREN 765LT,"MCLAREN 765LT  (2020-Present) Photos, engines & full specs",MCLAREN 765LT4.0L V8 7AT (765 HP),https://www.autoevolution.com/cars/mclaren-675lt-2020.html,,,,,,,,,Rear Wheel Drive,7-speed automatic,,,,,,,,,,,,,,,,,,,,,,,,,,,,,,,,,,,,,,,,,,,,,,,,,,,,,,,,,,
MCLAREN,MCLAREN 765LT,"MCLAREN 765LT  (2020-Present) Photos, engines & full specs",MCLAREN 765LT4.0L V8 7AT (765 HP),https://www.autoevolution.com/cars/mclaren-675lt-2020.html,,,,,,,,,,,Ventilated Discs,Ventilated Discs,,,,,,,,,,,,,,,,,,,,,,,,,,,,,,,,,,,,,,,,,,,,,,,,,,,,,,,,
MCLAREN,MCLAREN 765LT,"MCLAREN 765LT  (2020-Present) Photos, engines & full specs",MCLAREN 765LT4.0L V8 7AT (765 HP),https://www.autoevolution.com/cars/mclaren-675lt-2020.html,,,,,,,,,,,,,245/35/R19 93Y // 305/30/R20 103Y,,,,,,,,,,,,,,,,,,,,,,,,,,,,,,,,,,,,,,,,,,,,,,,,,,,,,,,
MCLAREN,MCLAREN 765LT,"MCLAREN 765LT  (2020-Present) Photos, engines & full specs",MCLAREN 765LT4.0L V8 7AT (765 HP),https://www.autoevolution.com/cars/mclaren-675lt-2020.html,,,,,,,,,,,,,,181.1 in (4600 mm),81.1 in (2060 mm),45.6 in (1158 mm),"65.2/63.5 in (1,656/1,613 mm)",105.1 in (2670 mm),,,,,,,,,,,,,,,,,,,,,,,,,,,,,,,,,,,,,,,,,,,,,,,,,,
MCLAREN,MCLAREN 765LT,"MCLAREN 765LT  (2020-Present) Photos, engines & full specs",MCLAREN 765LT4.0L V8 7AT (765 HP),https://www.autoevolution.com/cars/mclaren-675lt-2020.html,,,,,,,,,,,,,,,,,,,,2952 lbs (1339 kg),,,,,,,,,,,,,,,,,,,,,,,,,,,,,,,,,,,,,,,,,,,,,,,,
MCLAREN,MCLAREN Elva,"2020 McLaren Elva Photos, engines & full specs",MCLAREN Elva4.0L V8 7AT (815 HP),https://www.autoevolution.com/cars/mclaren-elva-2020.html,V8,,599.4 KW @ - RPM815 HP @ - RPM804 BHP @ - RPM,,Turbocharged Direct Injection,Gasoline,,,,,,,,,,,,,,,,,,,,,,,,,,,,,,,,,,,,,,,,,,,,,,,,,,,,,,,,,,,,,,
MCLAREN,MCLAREN Elva,"2020 McLaren Elva Photos, engines & full specs",MCLAREN Elva4.0L V8 7AT (815 HP),https://www.autoevolution.com/cars/mclaren-elva-2020.html,,,,,,,,124 mph (200 km/h),,,,,,,,,,,,,,6.7 s,,,,,,,,,,,,,,,,,,,,,,,,,,,,,,,,,,,,,,,,,,,,,,
MCLAREN,MCLAREN Elva,"2020 McLaren Elva Photos, engines & full specs",MCLAREN Elva4.0L V8 7AT (815 HP),https://www.autoevolution.com/cars/mclaren-elva-2020.html,,,,,,,,,,7-speed automatic,,,,,,,,,,,,,,,,,,,,,,,,,,,,,,,,,,,,,,,,,,,,,,,,,,,,,,,,,,
MCLAREN,MCLAREN Elva,"2020 McLaren Elva Photos, engines & full specs",MCLAREN Elva4.0L V8 7AT (815 HP),https://www.autoevolution.com/cars/mclaren-elva-2020.html,,,,,,,,,,,Ventilated Discs,Ventilated Discs,,,,,,,,,,,,,,,,,,,,,,,,,,,,,,,,,,,,,,,,,,,,,,,,,,,,,,,,
MCLAREN,MCLAREN Speedtail,"2018 McLaren Speedtail Photos, engines & full specs",MCLAREN Speedtail4.0L V8 8AT (1050 HP),https://www.autoevolution.com/cars/mclaren-speedtail-2018.html,V8,3994 cm3,772.3 KW @ - RPM1050 HP @ - RPM1036 BHP @ - RPM,0 lb-ft @ - RPM0 Nm @  RPM,Turbocharge Direct Injection,Hybrid,,,,,,,,,,,,,,,,,,,,,,,,,,,,,,,,,,,,,,,,,,,,,,,,,,,,,,,,,,,,,,
MCLAREN,MCLAREN Speedtail,"2018 McLaren Speedtail Photos, engines & full specs",MCLAREN Speedtail4.0L V8 8AT (1050 HP),https://www.autoevolution.com/cars/mclaren-speedtail-2018.html,,,,,,,,250 mph (402 km/h),,,,,,,,,,,,,,,,,,,,,,,,,,,,,,,,,,,,,,,,,,,,,,,,,,,,,,,,,,,,
MCLAREN,MCLAREN Speedtail,"2018 McLaren Speedtail Photos, engines & full specs",MCLAREN Speedtail4.0L V8 8AT (1050 HP),https://www.autoevolution.com/cars/mclaren-speedtail-2018.html,,,,,,,,,All Wheel Drive,7-speed automatic (SSG),,,,,,,,,,,,,,,,,,,,,,,,,,,,,,,,,,,,,,,,,,,,,,,,,,,,,,,,,,
MCLAREN,MCLAREN Speedtail,"2018 McLaren Speedtail Photos, engines & full specs",MCLAREN Speedtail4.0L V8 8AT (1050 HP),https://www.autoevolution.com/cars/mclaren-speedtail-2018.html,,,,,,,,,,,Ventilated Discs,Discs,,,,,,,,,,,,,,,,,,,,,,,,,,,,,,,,,,,,,,,,,,,,,,,,,,,,,,,,
MCLAREN,MCLAREN Speedtail,"2018 McLaren Speedtail Photos, engines & full specs",MCLAREN Speedtail4.0L V8 8AT (1050 HP),https://www.autoevolution.com/cars/mclaren-speedtail-2018.html,,,,,,,,,,,,,,202.2 in (5136 mm),,44.1 in (1120 mm),,,,,,,,,,,,,,,,,,,,,,,,,,,,,,,,,,,,,,,,,,,,,,,,,,,,
MCLAREN,MCLAREN Speedtail,"2018 McLaren Speedtail Photos, engines & full specs",MCLAREN Speedtail4.0L V8 8AT (1050 HP),https://www.autoevolution.com/cars/mclaren-speedtail-2018.html,,,,,,,,,,,,,,,,,,,,3153 lbs (1430 kg),,,,,,,,,,,,,,,,,,,,,,,,,,,,,,,,,,,,,,,,,,,,,,,,
MCLAREN,MCLAREN 12C GT Sprint,"MCLAREN 12C GT Sprint  (2013-2014) Photos, engines & full specs",MCLAREN 12C GT Sprint3.8L 7AT (625 HP),https://www.autoevolution.com/cars/mclaren-12c-gt-sprint-2013.html,v8,3799 cm3,460 KW @ 7500 RPM625 HP @ 7500 RPM617 BHP @ 7500 RPM,443 lb-ft @ 3000-7000 RPM601 Nm @ 3000-7000 RPM,Direct Injection,Gasoline,,,,,,,,,,,,,,,,,,,,,,,,,,,,,,,,,,,,,,,,,,,,,,,,,,,,,,,,,,,,,,
MCLAREN,MCLAREN 12C GT Sprint,"MCLAREN 12C GT Sprint  (2013-2014) Photos, engines & full specs",MCLAREN 12C GT Sprint3.8L 7AT (625 HP),https://www.autoevolution.com/cars/mclaren-12c-gt-sprint-2013.html,,,,,,,,207 mph (333 km/h),,,,,,,,,,,,,,3.1 s,,,,,,,,,,,,,,,,,,,,,,,,,,,,,,,,,,,,,,,,,,,,,,
MCLAREN,MCLAREN 12C GT Sprint,"MCLAREN 12C GT Sprint  (2013-2014) Photos, engines & full specs",MCLAREN 12C GT Sprint3.8L 7AT (625 HP),https://www.autoevolution.com/cars/mclaren-12c-gt-sprint-2013.html,,,,,,,,,Rear Wheel Drive,Seven-speed McLaren dual clutch Seamless-Shift  gearbox (SSG) with Pre-Cog functionality,,,,,,,,,,,,,,,,,,,,,,,,,,,,,,,,,,,,,,,,,,,,,,,,,,,,,,,,,,
MCLAREN,MCLAREN 12C GT Sprint,"MCLAREN 12C GT Sprint  (2013-2014) Photos, engines & full specs",MCLAREN 12C GT Sprint3.8L 7AT (625 HP),https://www.autoevolution.com/cars/mclaren-12c-gt-sprint-2013.html,,,,,,,,,,,Ventilated discs,Ventilated discs,,,,,,,,,,,,,,,,,,,,,,,,,,,,,,,,,,,,,,,,,,,,,,,,,,,,,,,,
MCLAREN,MCLAREN 12C GT Sprint,"MCLAREN 12C GT Sprint  (2013-2014) Photos, engines & full specs",MCLAREN 12C GT Sprint3.8L 7AT (625 HP),https://www.autoevolution.com/cars/mclaren-12c-gt-sprint-2013.html,,,,,,,,,,,,,Front: 235/35 R19 Rear: 305/30 R20,,,,,,,,,,,,,,,,,,,,,,,,,,,,,,,,,,,,,,,,,,,,,,,,,,,,,,,
MCLAREN,MCLAREN 12C GT Sprint,"MCLAREN 12C GT Sprint  (2013-2014) Photos, engines & full specs",MCLAREN 12C GT Sprint3.8L 7AT (625 HP),https://www.autoevolution.com/cars/mclaren-12c-gt-sprint-2013.html,,,,,,,,,,,,,,177.5 in (4509 mm),75.1 in (1908 mm),47.4 in (1204 mm),"65.2/62.3 in (1,656/1,582 mm)",105.1 in (2670 mm),,,,,,,,,,,,,,,,,,,,,,,,,,,,,,,,,,,,,,,,,,,,,,,,,,
MCLAREN,MCLAREN 12C GT Sprint,"MCLAREN 12C GT Sprint  (2013-2014) Photos, engines & full specs",MCLAREN 12C GT Sprint3.8L 7AT (625 HP),https://www.autoevolution.com/cars/mclaren-12c-gt-sprint-2013.html,,,,,,,,,,,,,,,,,,,,3161 lbs (1434 kg),,,,,,,,,,,,,,,,,,,,,,,,,,,,,,,,,,,,,,,,,,,,,,,,
MCLAREN,MCLAREN 12C GT Sprint,"MCLAREN 12C GT Sprint  (2013-2014) Photos, engines & full specs",MCLAREN 12C GT Sprint3.8L 7AT (625 HP),https://www.autoevolution.com/cars/mclaren-12c-gt-sprint-2013.html,,,,,,,,,,,,,,,,,,,,,20.1 mpg US (11.7 L/100Km),,,,,,,,,,,,,,,279 g/km,,,,,,,,,,,,,,,,,,,,,,,,,,,,,,,,
MCLAREN,MCLAREN 540C,"McLaren 540C Coupé Photos, engines & full specs",MCLAREN 540C3.8 V8 7AT (540 HP),https://www.autoevolution.com/cars/mclaren-540c-2015.html,V8,3799 cm3,397.2 KW @ 7500 RPM540 HP @ 7500 RPM533 BHP @ 7500 RPM,398 lb-ft @ 3500-6500 RPM540 Nm @ 3500-6500 RPM,Turbocharged Direct Injection,Gasoline,,,,,,,,,,,,,,,,,,,,,,,,,,,,,,,,,,,,,,,,,,,,,,,,,,,,,,,,,,,,,,
MCLAREN,MCLAREN 540C,"McLaren 540C Coupé Photos, engines & full specs",MCLAREN 540C3.8 V8 7AT (540 HP),https://www.autoevolution.com/cars/mclaren-540c-2015.html,,,,,,,,199 mph (320 km/h),,,,,,,,,,,,,,3.5 s,,,,,,,,,,,,,,,,,,,,,,,,,,,,,,,,,,,,,,,,,,,,,,
MCLAREN,MCLAREN 540C,"McLaren 540C Coupé Photos, engines & full specs",MCLAREN 540C3.8 V8 7AT (540 HP),https://www.autoevolution.com/cars/mclaren-540c-2015.html,,,,,,,,,Rear Wheel Drive,7-speed automatic (SSG),,,,,,,,,,,,,,,,,,,,,,,,,,,,,,,,,,,,,,,,,,,,,,,,,,,,,,,,,,
MCLAREN,MCLAREN 540C,"McLaren 540C Coupé Photos, engines & full specs",MCLAREN 540C3.8 V8 7AT (540 HP),https://www.autoevolution.com/cars/mclaren-540c-2015.html,,,,,,,,,,,Ventilated Discs,Ventilated Discs,,,,,,,,,,,,,,,,,,,,,,,,,,,,,,,,,,,,,,,,,,,,,,,,,,,,,,,,
MCLAREN,MCLAREN 540C,"McLaren 540C Coupé Photos, engines & full specs",MCLAREN 540C3.8 V8 7AT (540 HP),https://www.autoevolution.com/cars/mclaren-540c-2015.html,,,,,,,,,,,,,225/35/R19,,,,,,,,,,,,,,,,,,,,,,,,,,,,,,,,,,,,,,,,,,,,,,,,,,,,,,,
MCLAREN,MCLAREN 540C,"McLaren 540C Coupé Photos, engines & full specs",MCLAREN 540C3.8 V8 7AT (540 HP),https://www.autoevolution.com/cars/mclaren-540c-2015.html,,,,,,,,,,,,,,178.3 in (4529 mm),82.5 in (2096 mm),47.3 in (1201 mm),,105.1 in (2670 mm),5.3 cuFT (150 L),,,,,,,,,,,,,,,,,,,,,,,,,,,,,,,,,,,,,,,,,,,,,,,,,
MCLAREN,MCLAREN 540C,"McLaren 540C Coupé Photos, engines & full specs",MCLAREN 540C3.8 V8 7AT (540 HP),https://www.autoevolution.com/cars/mclaren-540c-2015.html,,,,,,,,,,,,,,,,,,,,2976 lbs (1350 kg),,,,,,,,,,,,,,,,,,,,,,,,,,,,,,,,,,,,,,,,,,,,,,,,
MCLAREN,MCLAREN 540C,"McLaren 540C Coupé Photos, engines & full specs",MCLAREN 540C3.8 V8 7AT (540 HP),https://www.autoevolution.com/cars/mclaren-540c-2015.html,,,,,,,,,,,,,,,,,,,,,21.2 mpg US (11.1 L/100Km),,,,,14.2 mpg US (16.6 L/100Km),29 mpg US (8.1 L/100Km),,,,,,,,,258 g/km,,,,,,,,,,,,,,,,,,,,,,,,,,,,,,,,
MCLAREN,MCLAREN 570GT,"2016 McLaren 570GT Photos, engines & full specs",MCLAREN 570GT3.8 V8 7AT (570 HP),https://www.autoevolution.com/cars/mclaren-570gt-2016.html,V8,3799 cm3,419.2 KW @ 7500 RPM570 HP @ 7500 RPM562 BHP @ 7500 RPM,443 lb-ft @ 5000-6500 RPM600 Nm @ 5000-6500 RPM,Turbocharged Direct Injection,Gasoline,,,,,,,,,,,,,,,,,,,,,,,,,,,,,,,,,,,,,,,,,,,,,,,,,,,,,,,,,,,,,,
MCLAREN,MCLAREN 570GT,"2016 McLaren 570GT Photos, engines & full specs",MCLAREN 570GT3.8 V8 7AT (570 HP),https://www.autoevolution.com/cars/mclaren-570gt-2016.html,,,,,,,,204 mph (328 km/h),,,,,,,,,,,,,,3.4 s,,,,,,,,,,,,,,,,,,,,,,,,,,,,,,,,,,,,,,,,,,,,,,
MCLAREN,MCLAREN 570GT,"2016 McLaren 570GT Photos, engines & full specs",MCLAREN 570GT3.8 V8 7AT (570 HP),https://www.autoevolution.com/cars/mclaren-570gt-2016.html,,,,,,,,,Rear Wheel Drive,7-speed automatic (SSG),,,,,,,,,,,,,,,,,,,,,,,,,,,,,,,,,,,,,,,,,,,,,,,,,,,,,,,,,,
MCLAREN,MCLAREN 570GT,"2016 McLaren 570GT Photos, engines & full specs",MCLAREN 570GT3.8 V8 7AT (570 HP),https://www.autoevolution.com/cars/mclaren-570gt-2016.html,,,,,,,,,,,Ventilated Discs,Ventilated Discs,,,,,,,,,,,,,,,,,,,,,,,,,,,,,,,,,,,,,,,,,,,,,,,,,,,,,,,,
MCLAREN,MCLAREN 570GT,"2016 McLaren 570GT Photos, engines & full specs",MCLAREN 570GT3.8 V8 7AT (570 HP),https://www.autoevolution.com/cars/mclaren-570gt-2016.html,,,,,,,,,,,,,225/35/R19,,,,,,,,,,,,,,,,,,,,,,,,,,,,,,,,,,,,,,,,,,,,,,,,,,,,,,,
MCLAREN,MCLAREN 570GT,"2016 McLaren 570GT Photos, engines & full specs",MCLAREN 570GT3.8 V8 7AT (570 HP),https://www.autoevolution.com/cars/mclaren-570gt-2016.html,,,,,,,,,,,,,,178.3 in (4529 mm),82.5 in (2096 mm),47.3 in (1201 mm),,105.1 in (2670 mm),13.1 cuFT (371 L),,,,,,,,,,,,,,,,,,,,,,,,,,,,,,,,,,,,,,,,,,,,,,,,,
MCLAREN,MCLAREN 570GT,"2016 McLaren 570GT Photos, engines & full specs",MCLAREN 570GT3.8 V8 7AT (570 HP),https://www.autoevolution.com/cars/mclaren-570gt-2016.html,,,,,,,,,,,,,,,,,,,,3086 lbs (1400 kg),,,,,,,,,,,,,,,,,,,,,,,,,,,,,,,,,,,,,,,,,,,,,,,,
MCLAREN,MCLAREN 570GT,"2016 McLaren 570GT Photos, engines & full specs",MCLAREN 570GT3.8 V8 7AT (570 HP),https://www.autoevolution.com/cars/mclaren-570gt-2016.html,,,,,,,,,,,,,,,,,,,,,22 mpg US (10.7 L/100Km),,,,,Infinity mpg US (0 L/100Km),Infinity mpg US (0 L/100Km),,,,,,,,,249 g/km,,,,,,,,,,,,,,,,,,,,,,,,,,,,,,,,
MCLAREN,MCLAREN 570S,"2016 McLaren 570S Photos, engines & full specs",MCLAREN 570S3.8 V8 7AT (570 HP),https://www.autoevolution.com/cars/mclaren-570s-2016.html,V8,3799 cm3,419 KW @ 7400 RPM570 HP @ 7400 RPM562 BHP @ 7400 RPM,443 lb-ft @ 5000-6500 RPM601 Nm @ 5000-6500 RPM,Turbocharged Direct Injection,Gasoline,,,,,,,,,,,,,,,,,,,,,,,,,,,,,,,,,,,,,,,,,,,,,,,,,,,,,,,,,,,,,,
MCLAREN,MCLAREN 570S,"2016 McLaren 570S Photos, engines & full specs",MCLAREN 570S3.8 V8 7AT (570 HP),https://www.autoevolution.com/cars/mclaren-570s-2016.html,,,,,,,,204 mph (328 km/h),,,,,,,,,,,,,,3.2 s,,,,,,,,,,,,,,,,,,,,,,,,,,,,,,,,,,,,,,,,,,,,,,
MCLAREN,MCLAREN 570S,"2016 McLaren 570S Photos, engines & full specs",MCLAREN 570S3.8 V8 7AT (570 HP),https://www.autoevolution.com/cars/mclaren-570s-2016.html,,,,,,,,,Rear Wheel Drive,7-speed automatic (SSG),,,,,,,,,,,,,,,,,,,,,,,,,,,,,,,,,,,,,,,,,,,,,,,,,,,,,,,,,,
MCLAREN,MCLAREN 570S,"2016 McLaren 570S Photos, engines & full specs",MCLAREN 570S3.8 V8 7AT (570 HP),https://www.autoevolution.com/cars/mclaren-570s-2016.html,,,,,,,,,,,Ventilated Discs,Ventilated Discs,,,,,,,,,,,,,,,,,,,,,,,,,,,,,,,,,,,,,,,,,,,,,,,,,,,,,,,,
MCLAREN,MCLAREN 570S,"2016 McLaren 570S Photos, engines & full specs",MCLAREN 570S3.8 V8 7AT (570 HP),https://www.autoevolution.com/cars/mclaren-570s-2016.html,,,,,,,,,,,,,225/35/R19 || 285/35/R20,,,,,,,,,,,,,,,,,,,,,,,,,,,,,,,,,,,,,,,,,,,,,,,,,,,,,,,
MCLAREN,MCLAREN 570S,"2016 McLaren 570S Photos, engines & full specs",MCLAREN 570S3.8 V8 7AT (570 HP),https://www.autoevolution.com/cars/mclaren-570s-2016.html,,,,,,,,,,,,,,178.3 in (4529 mm),82.5 in (2096 mm),47.3 in (1201 mm),,,5.3 cuFT (150 L),,,,,,,,,,,,,,,,,,,,,,,,,,,,,,,,,,,,,,,,,,,,,,,,,
MCLAREN,MCLAREN 570S,"2016 McLaren 570S Photos, engines & full specs",MCLAREN 570S3.8 V8 7AT (570 HP),https://www.autoevolution.com/cars/mclaren-570s-2016.html,,,,,,,,,,,,,,,,,,,,2895 lbs (1313 kg),,,,,,,,,,,,,,,,,,,,,,,,,,,,,,,,,,,,,,,,,,,,,,,,
MCLAREN,MCLAREN 570S,"2016 McLaren 570S Photos, engines & full specs",MCLAREN 570S3.8 V8 7AT (570 HP),https://www.autoevolution.com/cars/mclaren-570s-2016.html,,,,,,,,,,,,,,,,,,,,,25.6 mpg US (9.2 L/100Km),,,,,,,,,,,,,,,258 g/km,,,,,,,,,,,,,,,,,,,,,,,,,,,,,,,,
MCLAREN,MCLAREN 570S Spider,"McLaren 570S Spider Photos, engines & full specs",MCLAREN 570S Spider3.8 V8 7AT (570 HP),https://www.autoevolution.com/cars/mclaren-570s-spider-2017.html,V8,3799 cm3,419.2 KW @ 7500 RPM570 HP @ 7500 RPM562 BHP @ 7500 RPM,443 lb-ft @ 5000-6500 RPM600 Nm @ 5000-6500 RPM,Turbocharged Direct Injection,Gasoline,,,,,,,,,,,,,,,,,,,,,,,,,,,,,,,,,,,,,,,,,,,,,,,,,,,,,,,,,,,,,,
MCLAREN,MCLAREN 570S Spider,"McLaren 570S Spider Photos, engines & full specs",MCLAREN 570S Spider3.8 V8 7AT (570 HP),https://www.autoevolution.com/cars/mclaren-570s-spider-2017.html,,,,,,,,204 mph (328 km/h),,,,,,,,,,,,,,3.2 s,,,,,,,,,,,,,,,,,,,,,,,,,,,,,,,,,,,,,,,,,,,,,,
MCLAREN,MCLAREN 570S Spider,"McLaren 570S Spider Photos, engines & full specs",MCLAREN 570S Spider3.8 V8 7AT (570 HP),https://www.autoevolution.com/cars/mclaren-570s-spider-2017.html,,,,,,,,,Rear Wheel Drive,7-speed automatic (SSG),,,,,,,,,,,,,,,,,,,,,,,,,,,,,,,,,,,,,,,,,,,,,,,,,,,,,,,,,,
MCLAREN,MCLAREN 570S Spider,"McLaren 570S Spider Photos, engines & full specs",MCLAREN 570S Spider3.8 V8 7AT (570 HP),https://www.autoevolution.com/cars/mclaren-570s-spider-2017.html,,,,,,,,,,,Ventilated Discs,Ventilated Discs,,,,,,,,,,,,,,,,,,,,,,,,,,,,,,,,,,,,,,,,,,,,,,,,,,,,,,,,
MCLAREN,MCLAREN 570S Spider,"McLaren 570S Spider Photos, engines & full specs",MCLAREN 570S Spider3.8 V8 7AT (570 HP),https://www.autoevolution.com/cars/mclaren-570s-spider-2017.html,,,,,,,,,,,,,225/35 R19 || 285/35 R20,,,,,,,,,,,,,,,,,,,,,,,,,,,,,,,,,,,,,,,,,,,,,,,,,,,,,,,
MCLAREN,MCLAREN 570S Spider,"McLaren 570S Spider Photos, engines & full specs",MCLAREN 570S Spider3.8 V8 7AT (570 HP),https://www.autoevolution.com/cars/mclaren-570s-spider-2017.html,,,,,,,,,,,,,,178.3 in (4529 mm),80.5 in (2045 mm),47.3 in (1201 mm),"65.9/63.7 in (1,674/1,618 mm)",105.1 in (2670 mm),5.3 cuFT (150 L),,,,,,,,,,,,,,,,,,,,,,,,,,,,,,,,,,,,,,,,,,,,,,,,,
MCLAREN,MCLAREN 570S Spider,"McLaren 570S Spider Photos, engines & full specs",MCLAREN 570S Spider3.8 V8 7AT (570 HP),https://www.autoevolution.com/cars/mclaren-570s-spider-2017.html,,,,,,,,,,,,,,,,,,,,3303 lbs (1498 kg),,,,,,,,,,,,,,,,,,,,,,,,,,,,,,,,,,,,,,,,,,,,,,,,
MCLAREN,MCLAREN 570S Spider,"McLaren 570S Spider Photos, engines & full specs",MCLAREN 570S Spider3.8 V8 7AT (570 HP),https://www.autoevolution.com/cars/mclaren-570s-spider-2017.html,,,,,,,,,,,,,,,,,,,,,22 mpg US (10.7 L/100Km),,,,,13.7 mpg US (17.2 L/100Km),31.8 mpg US (7.4 L/100Km),,,,,,,,,249 g/km,,,,,,,,,,,,,,,,,,,,,,,,,,,,,,,,
MCLAREN,MCLAREN 600LT,"McLaren 600LT Photos, engines & full specs",MCLAREN 600LT3.8L V8 7AT (600 HP),https://www.autoevolution.com/cars/mclaren-600lt-2018.html,V8,3799 cm3,441.3 KW @ 7250 RPM600 HP @ 7250 RPM592 BHP @ 7250 RPM,457 lb-ft @ 3000-7000 RPM620 Nm @ 3000-7000 RPM,Turbocharged Direct Injection,Gasoline,,,,,,,,,,,,,,,,,,,,,,,,,,,,,,,,,,,,,,,,,,,,,,,,,,,,,,,,,,,,,,
MCLAREN,MCLAREN 600LT,"McLaren 600LT Photos, engines & full specs",MCLAREN 600LT3.8L V8 7AT (600 HP),https://www.autoevolution.com/cars/mclaren-600lt-2018.html,,,,,,,,207 mph (333 km/h),,,,,,,,,,,,,,3.2 s,,,,,,,,,,,,,,,,,,,,,,,,,,,,,,,,,,,,,,,,,,,,,,
MCLAREN,MCLAREN 600LT,"McLaren 600LT Photos, engines & full specs",MCLAREN 600LT3.8L V8 7AT (600 HP),https://www.autoevolution.com/cars/mclaren-600lt-2018.html,,,,,,,,,Rear Wheel Drive,7-speed automatic,,,,,,,,,,,,,,,,,,,,,,,,,,,,,,,,,,,,,,,,,,,,,,,,,,,,,,,,,,
MCLAREN,MCLAREN 600LT,"McLaren 600LT Photos, engines & full specs",MCLAREN 600LT3.8L V8 7AT (600 HP),https://www.autoevolution.com/cars/mclaren-600lt-2018.html,,,,,,,,,,,Ventilated Discs,Discs,,,,,,,,,,,,,,,,,,,,,,,,,,,,,,,,,,,,,,,,,,,,,,,,,,,,,,,,
MCLAREN,MCLAREN 600LT,"McLaren 600LT Photos, engines & full specs",MCLAREN 600LT3.8L V8 7AT (600 HP),https://www.autoevolution.com/cars/mclaren-600lt-2018.html,,,,,,,,,,,,,235/35 R19 || 305/30 R20,,,,,,,,,,,,,,,,,,,,,,,,,,,,,,,,,,,,,,,,,,,,,,,,,,,,,,,
MCLAREN,MCLAREN 600LT,"McLaren 600LT Photos, engines & full specs",MCLAREN 600LT3.8L V8 7AT (600 HP),https://www.autoevolution.com/cars/mclaren-600lt-2018.html,,,,,,,,,,,,,,180.3 in (4580 mm),,,,,,,,,,,,,,,,,,,,,,,,,,,,,,,,,,,,,,,,,,,,,,,,,,,,,,
MCLAREN,MCLAREN 600LT,"McLaren 600LT Photos, engines & full specs",MCLAREN 600LT3.8L V8 7AT (600 HP),https://www.autoevolution.com/cars/mclaren-600lt-2018.html,,,,,,,,,,,,,,,,,,,,2749 lbs (1247 kg),,,,,,,,,,,,,,,,,,,,,,,,,,,,,,,,,,,,,,,,,,,,,,,,
MCLAREN,MCLAREN 620R,"McLaren 620R Photos, engines & full specs",MCLAREN 620R3.8L V8 7AT (620 HP),https://www.autoevolution.com/cars/mclaren-620r-2019.html,V8,3799 cm3,456 KW @ 7000 RPM620 HP @ 7000 RPM612 BHP @ 7000 RPM,457 lb-ft @ 3500 RPM620 Nm @ 3500 RPM,Turbocharged Direct Injection,Gasoline,,,,,,,,,,,,,,,,,,,,,,,,,,,,,,,,,,,,,,,,,,,,,,,,,,,,,,,,,,,,,,
MCLAREN,MCLAREN 620R,"McLaren 620R Photos, engines & full specs",MCLAREN 620R3.8L V8 7AT (620 HP),https://www.autoevolution.com/cars/mclaren-620r-2019.html,,,,,,,,200 mph (322 km/h),,,,,,,,,,,,,,2.9 s,,,,,,,,,,,,,,,,,,,,,,,,,,,,,,,,,,,,,,,,,,,,,,
MCLAREN,MCLAREN 620R,"McLaren 620R Photos, engines & full specs",MCLAREN 620R3.8L V8 7AT (620 HP),https://www.autoevolution.com/cars/mclaren-620r-2019.html,,,,,,,,,Rear Wheel Drive,7-speed automatic,,,,,,,,,,,,,,,,,,,,,,,,,,,,,,,,,,,,,,,,,,,,,,,,,,,,,,,,,,
MCLAREN,MCLAREN 620R,"McLaren 620R Photos, engines & full specs",MCLAREN 620R3.8L V8 7AT (620 HP),https://www.autoevolution.com/cars/mclaren-620r-2019.html,,,,,,,,,,,Ventilated Discs,Ventilated Discs,,,,,,,,,,,,,,,,,,,,,,,,,,,,,,,,,,,,,,,,,,,,,,,,,,,,,,,,
MCLAREN,MCLAREN 620R,"McLaren 620R Photos, engines & full specs",MCLAREN 620R3.8L V8 7AT (620 HP),https://www.autoevolution.com/cars/mclaren-620r-2019.html,,,,,,,,,,,,,225/35/R19 // 285/35/R20,,,,,,,,,,,,,,,,,,,,,,,,,,,,,,,,,,,,,,,,,,,,,,,,,,,,,,,
MCLAREN,MCLAREN 620R,"McLaren 620R Photos, engines & full specs",MCLAREN 620R3.8L V8 7AT (620 HP),https://www.autoevolution.com/cars/mclaren-620r-2019.html,,,,,,,,,,,,,,179.4 in (4557 mm),80.5 in (2045 mm),47 in (1194 mm),"66.1/63.7 in (1,679/1,618 mm)",105.1 in (2670 mm),4.2 cuFT (119 L),,,,,,,,,,,,,,,,,,,,,,,,,,,,,,,,,,,,,,,,,,,,,,,,,
MCLAREN,MCLAREN 620R,"McLaren 620R Photos, engines & full specs",MCLAREN 620R3.8L V8 7AT (620 HP),https://www.autoevolution.com/cars/mclaren-620r-2019.html,,,,,,,,,,,,,,,,,,,,3056 lbs (1386 kg),,,,,,,,,,,,,,,,,,,,,,,,,,,,,,,,,,,,,,,,,,,,,,,,
MCLAREN,MCLAREN 620R,"McLaren 620R Photos, engines & full specs",MCLAREN 620R3.8L V8 7AT (620 HP),https://www.autoevolution.com/cars/mclaren-620r-2019.html,,,,,,,,,,,,,,,,,,,,,18 mpg US (13.1 L/100Km),,,,,15 mpg US (15.7 L/100Km),23.1 mpg US (10.2 L/100Km),,,,,,,,,,,,,,,,,,,,,,,,,,,,,,,,,,,,,,,,,
MCLAREN,MCLAREN 650S,"MCLAREN 650S  (2014-2017) Photos, engines & full specs",MCLAREN 650S3.8L V8 7AT (650 HP),https://www.autoevolution.com/cars/mclaren-650s-2014.html,V8,3800 cm3,478 KW @ 7250- RPM650 HP @ 7250- RPM641 BHP @ 7250- RPM,500 lb-ft @ 3000-7000 RPM678 Nm @ 3000-7000 RPM,Turbocharged Direct Injection,Gasoline,19 gallons (71.9 L),,,,,,,,,,,,,,,,,,,,,,,,,,,,,,,,,,,,,,,,,,,,,,,,,,,,,,,,,,,,,
MCLAREN,MCLAREN 650S,"MCLAREN 650S  (2014-2017) Photos, engines & full specs",MCLAREN 650S3.8L V8 7AT (650 HP),https://www.autoevolution.com/cars/mclaren-650s-2014.html,,,,,,,,207 mph (333 km/h),,,,,,,,,,,,,,2.9 s,,,,,,,,,,,,,,,,,,,,,,,,,,,,,,,,,,,,,,,,,,,,,,
MCLAREN,MCLAREN 650S,"MCLAREN 650S  (2014-2017) Photos, engines & full specs",MCLAREN 650S3.8L V8 7AT (650 HP),https://www.autoevolution.com/cars/mclaren-650s-2014.html,,,,,,,,,Rear Wheel Drive,7-speed automatic,,,,,,,,,,,,,,,,,,,,,,,,,,,,,,,,,,,,,,,,,,,,,,,,,,,,,,,,,,
MCLAREN,MCLAREN 650S,"MCLAREN 650S  (2014-2017) Photos, engines & full specs",MCLAREN 650S3.8L V8 7AT (650 HP),https://www.autoevolution.com/cars/mclaren-650s-2014.html,,,,,,,,,,,Ventilated Discs,Ventilated Discs,,,,,,,,,,,,,,,,,,,,,,,,,,,,,,,,,,,,,,,,,,,,,,,,,,,,,,,,
MCLAREN,MCLAREN 650S,"MCLAREN 650S  (2014-2017) Photos, engines & full specs",MCLAREN 650S3.8L V8 7AT (650 HP),https://www.autoevolution.com/cars/mclaren-650s-2014.html,,,,,,,,,,,,,235/35 R19 || 305/30 R20,,,,,,,,,,,,,,,,,,,,,,,,,,,,,,,,,,,,,,,,,,,,,,,,,,,,,,,
MCLAREN,MCLAREN 650S,"MCLAREN 650S  (2014-2017) Photos, engines & full specs",MCLAREN 650S3.8L V8 7AT (650 HP),https://www.autoevolution.com/cars/mclaren-650s-2014.html,,,,,,,,,,,,,,177.5 in (4509 mm),74.6 in (1895 mm),47.2 in (1199 mm),"65.2/62.3 in (1,656/1,582 mm)",105.1 in (2670 mm),,,,,0.36,,,,,3.9 in (99 mm),,,,,,,,,,,,,,,,,,,,,,,,,,,,,,,,,,,,,,,,
MCLAREN,MCLAREN 650S,"MCLAREN 650S  (2014-2017) Photos, engines & full specs",MCLAREN 650S3.8L V8 7AT (650 HP),https://www.autoevolution.com/cars/mclaren-650s-2014.html,,,,,,,,,,,,,,,,,,,,2932 lbs (1330 kg),,,,,,,,,,,,,,,,,,,,,,,,,,,,,,,,,,,,,,,,,,,,,,,,
MCLAREN,MCLAREN 650S,"MCLAREN 650S  (2014-2017) Photos, engines & full specs",MCLAREN 650S3.8L V8 7AT (650 HP),https://www.autoevolution.com/cars/mclaren-650s-2014.html,,,,,,,,,,,,,,,,,,,,,20.1 mpg US (11.7 L/100Km),,,,,13.4 mpg US (17.6 L/100Km),27.7 mpg US (8.5 L/100Km),,,,,,,,,275 g/km,,,,,,,,,,,,,,,,,,,,,,,,,,,,,,,,
MCLAREN,MCLAREN 650S Spider,"MCLAREN 650S Spider  (2014-2017) Photos, engines & full specs",MCLAREN 650S Spider3.8L V8 7AT RWD (650 HP),https://www.autoevolution.com/cars/mclaren-650s-spyder-2014.html,V8,3799 cm3,478.1 KW @ 7250 RPM650 HP @ 7250 RPM641 BHP @ 7250 RPM,500 lb-ft @ 6000 RPM678 Nm @ 6000 RPM,Turbocharged Direct Injection,Gasoline,,,,,,,,,,,,,,,,,,,,,,,,,,,,,,,,,,,,,,,,,,,,,,,,,,,,,,,,,,,,,,
MCLAREN,MCLAREN 650S Spider,"MCLAREN 650S Spider  (2014-2017) Photos, engines & full specs",MCLAREN 650S Spider3.8L V8 7AT RWD (650 HP),https://www.autoevolution.com/cars/mclaren-650s-spyder-2014.html,,,,,,,,207 mph (333 km/h),,,,,,,,,,,,,,3 s,,,,,,,,,,,,,,,,,,,,,,,,,,,,,,,,,,,,,,,,,,,,,,
MCLAREN,MCLAREN 650S Spider,"MCLAREN 650S Spider  (2014-2017) Photos, engines & full specs",MCLAREN 650S Spider3.8L V8 7AT RWD (650 HP),https://www.autoevolution.com/cars/mclaren-650s-spyder-2014.html,,,,,,,,,Rear Wheel Drive,7-speed automatic (SSG),,,,,,,,,,,,,,,,,,,,,,,,,,,,,,,,,,,,,,,,,,,,,,,,,,,,,,,,,,
MCLAREN,MCLAREN 650S Spider,"MCLAREN 650S Spider  (2014-2017) Photos, engines & full specs",MCLAREN 650S Spider3.8L V8 7AT RWD (650 HP),https://www.autoevolution.com/cars/mclaren-650s-spyder-2014.html,,,,,,,,,,,Ventilated Discs,Ventilated Discs,,,,,,,,,,,,,,,,,,,,,,,,,,,,,,,,,,,,,,,,,,,,,,,,,,,,,,,,
MCLAREN,MCLAREN 650S Spider,"MCLAREN 650S Spider  (2014-2017) Photos, engines & full specs",MCLAREN 650S Spider3.8L V8 7AT RWD (650 HP),https://www.autoevolution.com/cars/mclaren-650s-spyder-2014.html,,,,,,,,,,,,,235/35 R19 || 305/30 R20,,,,,,,,,,,,,,,,,,,,,,,,,,,,,,,,,,,,,,,,,,,,,,,,,,,,,,,
MCLAREN,MCLAREN 650S Spider,"MCLAREN 650S Spider  (2014-2017) Photos, engines & full specs",MCLAREN 650S Spider3.8L V8 7AT RWD (650 HP),https://www.autoevolution.com/cars/mclaren-650s-spyder-2014.html,,,,,,,,,,,,,,177.6 in (4511 mm),75.1 in (1908 mm),47.4 in (1204 mm),"65.2/62.3 in (1,656/1,582 mm)",105.1 in (2670 mm),,,,,,,,,,3.9 in (99 mm),,,,,,,,,,,,,,,,,,,,,,,,,,,,,,,,,,,,,,,,
MCLAREN,MCLAREN 650S Spider,"MCLAREN 650S Spider  (2014-2017) Photos, engines & full specs",MCLAREN 650S Spider3.8L V8 7AT RWD (650 HP),https://www.autoevolution.com/cars/mclaren-650s-spyder-2014.html,,,,,,,,,,,,,,,,,,,,3236 lbs (1468 kg),,,,,,,,,,,,,,,,,,,,,,,,,,,,,,,,,,,,,,,,,,,,,,,,
MCLAREN,MCLAREN 650S Spider,"MCLAREN 650S Spider  (2014-2017) Photos, engines & full specs",MCLAREN 650S Spider3.8L V8 7AT RWD (650 HP),https://www.autoevolution.com/cars/mclaren-650s-spyder-2014.html,,,,,,,,,,,,,,,,,,,,,18 mpg US (13.1 L/100Km),,,,,16 mpg US (14.7 L/100Km),22 mpg US (10.7 L/100Km),,,,,,,,,275 g/km,,,,,,,,,,,,,,,,,,,,,,,,,,,,,,,,
MCLAREN,MCLAREN 675LT,"MCLAREN 675LT  (2015-2017) Photos, engines & full specs",MCLAREN 675LT3.8 V8 7AT (675 HP),https://www.autoevolution.com/cars/mclaren-675lt-2015.html,V8,3799 cm3,496 KW @ 7100 RPM675 HP @ 7100 RPM665 BHP @ 7100 RPM,516 lb-ft @ 5500 RPM700 Nm @ 5500 RPM,Turbocharged Direct Injection,Gasoline,,,,,,,,,,,,,,,,,,,,,,,,,,,,,,,,,,,,,,,,,,,,,,,,,,,,,,,,,,,,,,
MCLAREN,MCLAREN 675LT,"MCLAREN 675LT  (2015-2017) Photos, engines & full specs",MCLAREN 675LT3.8 V8 7AT (675 HP),https://www.autoevolution.com/cars/mclaren-675lt-2015.html,,,,,,,,205 mph (330 km/h),,,,,,,,,,,,,,2.9 s,,,,,,,,,,,,,,,,,,,,,,,,,,,,,,,,,,,,,,,,,,,,,,
MCLAREN,MCLAREN 675LT,"MCLAREN 675LT  (2015-2017) Photos, engines & full specs",MCLAREN 675LT3.8 V8 7AT (675 HP),https://www.autoevolution.com/cars/mclaren-675lt-2015.html,,,,,,,,,Rear Wheel Drive,7-speed automatic,,,,,,,,,,,,,,,,,,,,,,,,,,,,,,,,,,,,,,,,,,,,,,,,,,,,,,,,,,
MCLAREN,MCLAREN 675LT,"MCLAREN 675LT  (2015-2017) Photos, engines & full specs",MCLAREN 675LT3.8 V8 7AT (675 HP),https://www.autoevolution.com/cars/mclaren-675lt-2015.html,,,,,,,,,,,Ventilated Discs,Ventilated Discs,,,,,,,,,,,,,,,,,,,,,,,,,,,,,,,,,,,,,,,,,,,,,,,,,,,,,,,,
MCLAREN,MCLAREN 675LT,"MCLAREN 675LT  (2015-2017) Photos, engines & full specs",MCLAREN 675LT3.8 V8 7AT (675 HP),https://www.autoevolution.com/cars/mclaren-675lt-2015.html,,,,,,,,,,,,,235/35 R19 || 305/30 R20,,,,,,,,,,,,,,,,,,,,,,,,,,,,,,,,,,,,,,,,,,,,,,,,,,,,,,,
MCLAREN,MCLAREN 675LT,"MCLAREN 675LT  (2015-2017) Photos, engines & full specs",MCLAREN 675LT3.8 V8 7AT (675 HP),https://www.autoevolution.com/cars/mclaren-675lt-2015.html,,,,,,,,,,,,,,179 in (4547 mm),82.5 in (2096 mm),46.8 in (1189 mm),"65.2/62.3 in (1,656/1,582 mm)",105.1 in (2670 mm),,,,,0.35,,,,,3.9 in (99 mm),,,,,,,,,,,,,,,,,,,,,,,,,,,,,,,,,,,,,,,,
MCLAREN,MCLAREN 675LT,"MCLAREN 675LT  (2015-2017) Photos, engines & full specs",MCLAREN 675LT3.8 V8 7AT (675 HP),https://www.autoevolution.com/cars/mclaren-675lt-2015.html,,,,,,,,,,,,,,,,,,,,2928 lbs (1328 kg),,,,,,,,,3369 lbs (1528 kg),,,,,,,,,,,,,,,,,,,,,,,,,,,,,,,,,,,,,,,
MCLAREN,MCLAREN 675LT,"MCLAREN 675LT  (2015-2017) Photos, engines & full specs",MCLAREN 675LT3.8 V8 7AT (675 HP),https://www.autoevolution.com/cars/mclaren-675lt-2015.html,,,,,,,,,,,,,,,,,,,,,20.3 mpg US (11.6 L/100Km),,,,,,,,,,,,,,,275 g/km,,,,,,,,,,,,,,,,,,,,,,,,,,,,,,,,
MCLAREN,MCLAREN 675LT Spider,"MCLAREN 675LT Spider  (2016-2017) Photos, engines & full specs",MCLAREN 675LT Spider3.8L V8 7AT RWD (675 HP),https://www.autoevolution.com/cars/mclaren-675lt-spider-2016.html,V8,3799 cm3,496.5 KW @ 7100 RPM675 HP @ 7100 RPM666 BHP @ 7100 RPM,516 lb-ft @ 5000-6500 RPM700 Nm @ 5000-6500 RPM,Turbocharged Direct Injection,Gasoline,19 gallons (71.9 L),,,,,,,,,,,,,,,,,,,,,,,,,,,,,,,,,,,,,,,,,,,,,,,,,,,,,,,,,,,,,
MCLAREN,MCLAREN 675LT Spider,"MCLAREN 675LT Spider  (2016-2017) Photos, engines & full specs",MCLAREN 675LT Spider3.8L V8 7AT RWD (675 HP),https://www.autoevolution.com/cars/mclaren-675lt-spider-2016.html,,,,,,,,203 mph (327 km/h),,,,,,,,,,,,,,2.9 s,,,,,,,,,,,,,,,,,,,,,,,,,,,,,,,,,,,,,,,,,,,,,,
MCLAREN,MCLAREN 675LT Spider,"MCLAREN 675LT Spider  (2016-2017) Photos, engines & full specs",MCLAREN 675LT Spider3.8L V8 7AT RWD (675 HP),https://www.autoevolution.com/cars/mclaren-675lt-spider-2016.html,,,,,,,,,Rear Wheel Drive,7-speed automatic (SSG),,,,,,,,,,,,,,,,,,,,,,,,,,,,,,,,,,,,,,,,,,,,,,,,,,,,,,,,,,
MCLAREN,MCLAREN 675LT Spider,"MCLAREN 675LT Spider  (2016-2017) Photos, engines & full specs",MCLAREN 675LT Spider3.8L V8 7AT RWD (675 HP),https://www.autoevolution.com/cars/mclaren-675lt-spider-2016.html,,,,,,,,,,,Ventilated Discs,Ventilated Discs,,,,,,,,,,,,,,,,,,,,,,,,,,,,,,,,,,,,,,,,,,,,,,,,,,,,,,,,
MCLAREN,MCLAREN 675LT Spider,"MCLAREN 675LT Spider  (2016-2017) Photos, engines & full specs",MCLAREN 675LT Spider3.8L V8 7AT RWD (675 HP),https://www.autoevolution.com/cars/mclaren-675lt-spider-2016.html,,,,,,,,,,,,,235/35 R19 || 305/30 R20,,,,,,,,,,,,,,,,,,,,,,,,,,,,,,,,,,,,,,,,,,,,,,,,,,,,,,,
MCLAREN,MCLAREN 675LT Spider,"MCLAREN 675LT Spider  (2016-2017) Photos, engines & full specs",MCLAREN 675LT Spider3.8L V8 7AT RWD (675 HP),https://www.autoevolution.com/cars/mclaren-675lt-spider-2016.html,,,,,,,,,,,,,,179 in (4547 mm),82.5 in (2096 mm),46.9 in (1191 mm),,105.1 in (2670 mm),,,,,0.35,,,,,3.9 in (99 mm),,,,,,,,,,,,,,,,,,,,,,,,,,,,,,,,,,,,,,,,
MCLAREN,MCLAREN 675LT Spider,"MCLAREN 675LT Spider  (2016-2017) Photos, engines & full specs",MCLAREN 675LT Spider3.8L V8 7AT RWD (675 HP),https://www.autoevolution.com/cars/mclaren-675lt-spider-2016.html,,,,,,,,,,,,,,,,,,,,3020 lbs (1370 kg),,,,,,,,,,,,,,,,,,,,,,,,,,,,,,,,,,,,,,,,,,,,,,,,
MCLAREN,MCLAREN 675LT Spider,"MCLAREN 675LT Spider  (2016-2017) Photos, engines & full specs",MCLAREN 675LT Spider3.8L V8 7AT RWD (675 HP),https://www.autoevolution.com/cars/mclaren-675lt-spider-2016.html,,,,,,,,,,,,,,,,,,,,,20.3 mpg US (11.6 L/100Km),,,,,13.2 mpg US (17.8 L/100Km),28.7 mpg US (8.2 L/100Km),,,,,,,,,275 g/km,,,,,,,,,,,,,,,,,,,,,,,,,,,,,,,,
MCLAREN,MCLAREN 720S,"McLaren 720S Spider Photos, engines & full specs",MCLAREN 720S Spider4.0L V8 7AT RWD (720 HP),https://www.autoevolution.com/cars/mclaren-720s-spider-2018.html,V8,3994 cm3,529.6 KW @ 7500 RPM720 HP @ 7500 RPM710 BHP @ 7500 RPM,568 lb-ft @ 6500 RPM770 Nm @ 6500 RPM,Turbocharge Direct Injection,Gasoline,,,,,,,,,,,,,,,,,,,,,,,,,,,,,,,,,,,,,,,,,,,,,,,,,,,,,,,,,,,,,,
MCLAREN,MCLAREN 720S,"McLaren 720S Spider Photos, engines & full specs",MCLAREN 720S Spider4.0L V8 7AT RWD (720 HP),https://www.autoevolution.com/cars/mclaren-720s-spider-2018.html,,,,,,,,212 mph (341 km/h),,,,,,,,,,,,,,2.9 s,,,,,,,,,,,,,,,,,,,,,,,,,,,,,,,,,,,,,,,,,,,,,,
MCLAREN,MCLAREN 720S,"McLaren 720S Spider Photos, engines & full specs",MCLAREN 720S Spider4.0L V8 7AT RWD (720 HP),https://www.autoevolution.com/cars/mclaren-720s-spider-2018.html,,,,,,,,,Rear Wheel Drive,7-speed automatic SSG,,,,,,,,,,,,,,,,,,,,,,,,,,,,,,,,,,,,,,,,,,,,,,,,,,,,,,,,,,
MCLAREN,MCLAREN 720S,"McLaren 720S Spider Photos, engines & full specs",MCLAREN 720S Spider4.0L V8 7AT RWD (720 HP),https://www.autoevolution.com/cars/mclaren-720s-spider-2018.html,,,,,,,,,,,Ventilated Discs,Discs,,,,,,,,,,,,,,,,,,,,,,,,,,,,,,,,,,,,,,,,,,,,,,,,,,,,,,,,
MCLAREN,MCLAREN 720S,"McLaren 720S Spider Photos, engines & full specs",MCLAREN 720S Spider4.0L V8 7AT RWD (720 HP),https://www.autoevolution.com/cars/mclaren-720s-spider-2018.html,,,,,,,,,,,,,245/35/R19 93Y // 305/30/R20 103Y,,,,,,,,,,,,,,,,,,,,,,,,,,,,,,,,,,,,,,,,,,,,,,,,,,,,,,,
MCLAREN,MCLAREN 720S,"McLaren 720S Spider Photos, engines & full specs",MCLAREN 720S Spider4.0L V8 7AT RWD (720 HP),https://www.autoevolution.com/cars/mclaren-720s-spider-2018.html,,,,,,,,,,,,,,178.9 in (4544 mm),85.1 in (2162 mm),47.1 in (1196 mm),"65.9/64.1 in (1,674/1,628 mm)",105.1 in (2670 mm),5.3 cuFT (150 L),,,,,,,,,,,,,,,,,,,,,,,,,,,,,,,,,,,,,,,,,,,,,,,,,
MCLAREN,MCLAREN 720S,"McLaren 720S Spider Photos, engines & full specs",MCLAREN 720S Spider4.0L V8 7AT RWD (720 HP),https://www.autoevolution.com/cars/mclaren-720s-spider-2018.html,,,,,,,,,,,,,,,,,,,,2937 lbs (1332 kg),,,,,,,,,,,,,,,,,,,,,,,,,,,,,,,,,,,,,,,,,,,,,,,,
MCLAREN,MCLAREN 720S,"McLaren 720S Spider Photos, engines & full specs",MCLAREN 720S Spider4.0L V8 7AT RWD (720 HP),https://www.autoevolution.com/cars/mclaren-720s-spider-2018.html,,,,,,,,,,,,,,,,,,,,,20.3 mpg US (11.6 L/100Km),,,,,14 mpg US (16.8 L/100Km),27.4 mpg US (8.6 L/100Km),,,,,,,,,276 g/km,,,,,,,,,,,,,,,,,,,,,,,,,,,,,,,,
MCLAREN,MCLAREN 720S,"McLaren 720S Photos, engines & full specs",MCLAREN 720S4.0L V8 7AT RWD (720 HP),https://www.autoevolution.com/cars/mclaren-720s-2017.html,V8,3994 cm3,529.6 KW @ 7250 RPM720.1 HP @ 7250 RPM710 BHP @ 7250 RPM,568 lb-ft @ 5500 RPM770 Nm @ 5500 RPM,Turbocharged Direct Injection,Gasoline,,,,,,,,,,,,,,,,,,,,,,,,,,,,,,,,,,,,,,,,,,,,,,,,,,,,,,,,,,,,,,
MCLAREN,MCLAREN 720S,"McLaren 720S Photos, engines & full specs",MCLAREN 720S4.0L V8 7AT RWD (720 HP),https://www.autoevolution.com/cars/mclaren-720s-2017.html,,,,,,,,212 mph (341 km/h),,,,,,,,,,,,,,2.9 s,,,,,,,,,,,,,,,,,,,,,,,,,,,,,,,,,,,,,,,,,,,,,,
MCLAREN,MCLAREN 720S,"McLaren 720S Photos, engines & full specs",MCLAREN 720S4.0L V8 7AT RWD (720 HP),https://www.autoevolution.com/cars/mclaren-720s-2017.html,,,,,,,,,Rear Wheel Drive,7-speed automatic (SSG),,,,,,,,,,,,,,,,,,,,,,,,,,,,,,,,,,,,,,,,,,,,,,,,,,,,,,,,,,
MCLAREN,MCLAREN 720S,"McLaren 720S Photos, engines & full specs",MCLAREN 720S4.0L V8 7AT RWD (720 HP),https://www.autoevolution.com/cars/mclaren-720s-2017.html,,,,,,,,,,,Ventilated Discs,Ventilated Discs,,,,,,,,,,,,,,,,,,,,,,,,,,,,,,,,,,,,,,,,,,,,,,,,,,,,,,,,
MCLAREN,MCLAREN 720S,"McLaren 720S Photos, engines & full specs",MCLAREN 720S4.0L V8 7AT RWD (720 HP),https://www.autoevolution.com/cars/mclaren-720s-2017.html,,,,,,,,,,,,,245 / 35 / R19 || 305 / 30 / R20,,,,,,,,,,,,,,,,,,,,,,,,,,,,,,,,,,,,,,,,,,,,,,,,,,,,,,,
MCLAREN,MCLAREN 720S,"McLaren 720S Photos, engines & full specs",MCLAREN 720S4.0L V8 7AT RWD (720 HP),https://www.autoevolution.com/cars/mclaren-720s-2017.html,,,,,,,,,,,,,,,,,,,,2915 lbs (1322 kg),,,,,,,,,,,,,,,,,,,,,,,,,,,,,,,,,,,,,,,,,,,,,,,,
MCLAREN,MCLAREN 720S,"McLaren 720S Photos, engines & full specs",MCLAREN 720S4.0L V8 7AT RWD (720 HP),https://www.autoevolution.com/cars/mclaren-720s-2017.html,,,,,,,,,,,,,,,,,,,,,22 mpg US (10.7 L/100Km),,,,,14.3 mpg US (16.4 L/100Km),31.8 mpg US (7.4 L/100Km),,,,,,,,,249 g/km,,,,,,,,,,,,,,,,,,,,,,,,,,,,,,,,
MCLAREN,MCLAREN F1,"1993 McLaren F1 Photos, engines & full specs",MCLAREN F16.1 V12 6MT (622 HP),https://www.autoevolution.com/cars/mclaren-f1-1993.html,V12,6064 cm3,461 KW @ 7500 RPM627 HP @ 7500 RPM618 BHP @ 7500 RPM,480 lb-ft @ 5600 RPM651 Nm @ 5600 RPM,Multipoint Injection,Gasoline,,,,,,,,,,,,,,,,,,,,,,,,,,,,,,,,,,,,,,,,,,,,,,,,,,,,,,,,,,,,,,
MCLAREN,MCLAREN F1,"1993 McLaren F1 Photos, engines & full specs",MCLAREN F16.1 V12 6MT (622 HP),https://www.autoevolution.com/cars/mclaren-f1-1993.html,,,,,,,,240.1 mph (386 km/h),,,,,,,,,,,,,,3.2 s,,,,,,,,,,,,,,,,,,,,,,,,,,,,,,,,,,,,,,,,,,,,,,
MCLAREN,MCLAREN F1,"1993 McLaren F1 Photos, engines & full specs",MCLAREN F16.1 V12 6MT (622 HP),https://www.autoevolution.com/cars/mclaren-f1-1993.html,,,,,,,,,Rear Wheel Drive,6-Speed manual,,,,,,,,,,,,,,,,,,,,,,,,,,,,,,,,,,,,,,,,,,,,,,,,,,,,,,,,,,
MCLAREN,MCLAREN F1,"1993 McLaren F1 Photos, engines & full specs",MCLAREN F16.1 V12 6MT (622 HP),https://www.autoevolution.com/cars/mclaren-f1-1993.html,,,,,,,,,,,Ventilated Discs,Ventilated Discs,,,,,,,,,,,,,,,,,,,,,,,,,,,,,,,,,,,,,,,,,,,,,,,,,,,,,,,,
MCLAREN,MCLAREN F1,"1993 McLaren F1 Photos, engines & full specs",MCLAREN F16.1 V12 6MT (622 HP),https://www.autoevolution.com/cars/mclaren-f1-1993.html,,,,,,,,,,,,,235/45 ZR 17 (Front) - 315/45 ZR 17 (Rear),,,,,,,,,,,,,,,,,,,,,,,,,,,,,,,,,,,,,,,,,,,,,,,,,,,,,,,
MCLAREN,MCLAREN F1,"1993 McLaren F1 Photos, engines & full specs",MCLAREN F16.1 V12 6MT (622 HP),https://www.autoevolution.com/cars/mclaren-f1-1993.html,,,,,,,,,,,,,,168.78 in (4287 mm),71.65 in (1820 mm),44.88 in (1140 mm),"61.73 / 57.95 in (1,568/1,472 mm)",107.01 in (2718 mm),8 cuFT (227 L),,,,0.32,,,,,4.7 in (119 mm),,,,,,,,,,,,,,,,,,,,,,,,,,,,,,,,,,,,,,,,
MCLAREN,MCLAREN F1,"1993 McLaren F1 Photos, engines & full specs",MCLAREN F16.1 V12 6MT (622 HP),https://www.autoevolution.com/cars/mclaren-f1-1993.html,,,,,,,,,,,,,,,,,,,,2513 lbs (1140 kg),,,,,,,,,,,,,,,,,,,,,,,,,,,,,,,,,,,,,,,,,,,,,,,,
MCLAREN,MCLAREN F1 GT,"1997 McLaren F1 GT Photos, engines & full specs",MCLAREN F1 GT6.1L V12 6MT (627 HP),https://www.autoevolution.com/cars/mclaren-f1-gt-1997.html,V12,6064 cm3,461 KW @ 7500 RPM627 HP @ 7500 RPM618 BHP @ 7500 RPM,480 lb-ft @ 5600 RPM651 Nm @ 5600 RPM,Multipoint Injection,Gasoline,,,,,,,,,,,,,,,,,,,,,,,,,,,,,,,,,,,,,,,,,,,,,,,,,,,,,,,,,,,,,,
MCLAREN,MCLAREN F1 GT,"1997 McLaren F1 GT Photos, engines & full specs",MCLAREN F1 GT6.1L V12 6MT (627 HP),https://www.autoevolution.com/cars/mclaren-f1-gt-1997.html,,,,,,,,,Rear Wheel Drive,6-Speed manual,,,,,,,,,,,,,,,,,,,,,,,,,,,,,,,,,,,,,,,,,,,,,,,,,,,,,,,,,,
MCLAREN,MCLAREN F1 GT,"1997 McLaren F1 GT Photos, engines & full specs",MCLAREN F1 GT6.1L V12 6MT (627 HP),https://www.autoevolution.com/cars/mclaren-f1-gt-1997.html,,,,,,,,,,,Ventilated Discs,Ventilated Discs,,,,,,,,,,,,,,,,,,,,,,,,,,,,,,,,,,,,,,,,,,,,,,,,,,,,,,,,
MCLAREN,MCLAREN F1 GT,"1997 McLaren F1 GT Photos, engines & full specs",MCLAREN F1 GT6.1L V12 6MT (627 HP),https://www.autoevolution.com/cars/mclaren-f1-gt-1997.html,,,,,,,,,,,,,275/35 ZR 18 (Front) - 345/35 ZR 18 (Rear),,,,,,,,,,,,,,,,,,,,,,,,,,,,,,,,,,,,,,,,,,,,,,,,,,,,,,,
MCLAREN,MCLAREN F1 GT,"1997 McLaren F1 GT Photos, engines & full specs",MCLAREN F1 GT6.1L V12 6MT (627 HP),https://www.autoevolution.com/cars/mclaren-f1-gt-1997.html,,,,,,,,,,,,,,194 in (4928 mm),75.6 in (1920 mm),47.2 in (1199 mm),"63.8 / 62.3 in (1,621/1,582 mm)",107 in (2718 mm),8 cuFT (227 L),,,,0.32,,,,,4.7 in (119 mm),,,,,,,,,,,,,,,,,,,,,,,,,,,,,,,,,,,,,,,,
MCLAREN,MCLAREN F1 GT,"1997 McLaren F1 GT Photos, engines & full specs",MCLAREN F1 GT6.1L V12 6MT (627 HP),https://www.autoevolution.com/cars/mclaren-f1-gt-1997.html,,,,,,,,,,,,,,,,,,,,2469 lbs (1120 kg),,,,,,,,,N/A lbs (0 kg),,,,,,,,,,,,,,,,,,,,,,,,,,,,,,,,,,,,,,,
MCLAREN,MCLAREN F1 LM,"McLaren F1 LM Photos, engines & full specs",MCLAREN F1 LM6.1L V12 6MT (680 HP),https://www.autoevolution.com/cars/mclaren-f1-lm-1995.html,V12,6064 cm3,500 KW @ 7800 RPM680 HP @ 7800 RPM671 BHP @ 7800 RPM,538 lb-ft @ 4500 RPM729 Nm @ 4500 RPM,Multipoint Injection,Gasoline,,,,,,,,,,,,,,,,,,,,,,,,,,,,,,,,,,,,,,,,,,,,,,,,,,,,,,,,,,,,,,
MCLAREN,MCLAREN F1 LM,"McLaren F1 LM Photos, engines & full specs",MCLAREN F1 LM6.1L V12 6MT (680 HP),https://www.autoevolution.com/cars/mclaren-f1-lm-1995.html,,,,,,,,220 mph (354 km/h),,,,,,,,,,,,,,,,,,,,,,,,,,,,,,,,,,,,,,,,,,,,,,,,,,,,,,,,,,,,
MCLAREN,MCLAREN F1 LM,"McLaren F1 LM Photos, engines & full specs",MCLAREN F1 LM6.1L V12 6MT (680 HP),https://www.autoevolution.com/cars/mclaren-f1-lm-1995.html,,,,,,,,,Rear Wheel Drive,6-Speed manual,,,,,,,,,,,,,,,,,,,,,,,,,,,,,,,,,,,,,,,,,,,,,,,,,,,,,,,,,,
MCLAREN,MCLAREN F1 LM,"McLaren F1 LM Photos, engines & full specs",MCLAREN F1 LM6.1L V12 6MT (680 HP),https://www.autoevolution.com/cars/mclaren-f1-lm-1995.html,,,,,,,,,,,Ventilated Discs,Ventilated Discs,,,,,,,,,,,,,,,,,,,,,,,,,,,,,,,,,,,,,,,,,,,,,,,,,,,,,,,,
MCLAREN,MCLAREN F1 LM,"McLaren F1 LM Photos, engines & full specs",MCLAREN F1 LM6.1L V12 6MT (680 HP),https://www.autoevolution.com/cars/mclaren-f1-lm-1995.html,,,,,,,,,,,,,275/35 ZR 18 (Front) - 345/35 ZR 18 (Rear),,,,,,,,,,,,,,,,,,,,,,,,,,,,,,,,,,,,,,,,,,,,,,,,,,,,,,,
MCLAREN,MCLAREN F1 LM,"McLaren F1 LM Photos, engines & full specs",MCLAREN F1 LM6.1L V12 6MT (680 HP),https://www.autoevolution.com/cars/mclaren-f1-lm-1995.html,,,,,,,,,,,,,,171.85 in (4365 mm),71.65 in (1820 mm),44.09 in (1120 mm),"61.89 / 57.64 in (1,572/1,464 mm)",107.01 in (2718 mm),,,,,0.32,,,,,3.9 in (99 mm),,,,,,,,,,,,,,,,,,,,,,,,,,,,,,,,,,,,,,,,
MCLAREN,MCLAREN F1 LM,"McLaren F1 LM Photos, engines & full specs",MCLAREN F1 LM6.1L V12 6MT (680 HP),https://www.autoevolution.com/cars/mclaren-f1-lm-1995.html,,,,,,,,,,,,,,,,,,,,2341 lbs (1062 kg),,,,,,,,,,,,,,,,,,,,,,,,,,,,,,,,,,,,,,,,,,,,,,,,
MCLAREN,MCLAREN MP4-12C,"MCLAREN MP4-12C  (2011-2014) Photos, engines & full specs",MCLAREN MP4-12C3.8L V8 7AT RWD (600 HP),https://www.autoevolution.com/cars/mclaren-mp4-12c-2011.html,V8,3799 cm3,441 KW @ 7000 RPM600 HP @ 7000 RPM591 BHP @ 7000 RPM,443 lb-ft @ 3000-7000 RPM601 Nm @ 3000-7000 RPM,Multipoint Injection,Gasoline,,,,,,,,,,,,,,,,,,,,,,,,,,,,,,,,,,,,,,,,,,,,,,,,,,,,,,,,,,,,,,
MCLAREN,MCLAREN MP4-12C,"MCLAREN MP4-12C  (2011-2014) Photos, engines & full specs",MCLAREN MP4-12C3.8L V8 7AT RWD (600 HP),https://www.autoevolution.com/cars/mclaren-mp4-12c-2011.html,,,,,,,,200 mph (322 km/h),,,,,,,,,,,,,,3.3 s,,,,,,,,,,,,,,,,,,,,,,,,,,,,,,,,,,,,,,,,,,,,,,
MCLAREN,MCLAREN MP4-12C,"MCLAREN MP4-12C  (2011-2014) Photos, engines & full specs",MCLAREN MP4-12C3.8L V8 7AT RWD (600 HP),https://www.autoevolution.com/cars/mclaren-mp4-12c-2011.html,,,,,,,,,Rear Wheel Drive,7-speed automatic,,,,,,,,,,,,,,,,,,,,,,,,,,,,,,,,,,,,,,,,,,,,,,,,,,,,,,,,,,
MCLAREN,MCLAREN MP4-12C,"MCLAREN MP4-12C  (2011-2014) Photos, engines & full specs",MCLAREN MP4-12C3.8L V8 7AT RWD (600 HP),https://www.autoevolution.com/cars/mclaren-mp4-12c-2011.html,,,,,,,,,,,ceramic discs,ceramic discs,,,,,,,,,,,,,,,,,,,,,,,,,,,,,,,,,,,,,,,,,,,,,,,,,,,,,,,,
MCLAREN,MCLAREN MP4-12C,"MCLAREN MP4-12C  (2011-2014) Photos, engines & full specs",MCLAREN MP4-12C3.8L V8 7AT RWD (600 HP),https://www.autoevolution.com/cars/mclaren-mp4-12c-2011.html,,,,,,,,,,,,,235/35 R19 - 305/30 R20,,,,,,,,,,,,,,,,,,,,,,,,,,,,,,,,,,,,,,,,,,,,,,,,,,,,,,,
MCLAREN,MCLAREN MP4-12C,"MCLAREN MP4-12C  (2011-2014) Photos, engines & full specs",MCLAREN MP4-12C3.8L V8 7AT RWD (600 HP),https://www.autoevolution.com/cars/mclaren-mp4-12c-2011.html,,,,,,,,,,,,,,177.4 in (4506 mm),75.2 in (1910 mm),47.2 in (1199 mm),"74.6/75.1 in (1,895/1,908 mm)",105.1 in (2670 mm),5.1 cuFT (144 L),,,,0.32,,,,,4.7 in (119 mm),,,,,,,,,,,,,,,,,,,,,,,,,,,,,,,,,,,,,,,,
MCLAREN,MCLAREN MP4-12C,"MCLAREN MP4-12C  (2011-2014) Photos, engines & full specs",MCLAREN MP4-12C3.8L V8 7AT RWD (600 HP),https://www.autoevolution.com/cars/mclaren-mp4-12c-2011.html,,,,,,,,,,,,,,,,,,,,3084 lbs (1399 kg),,,,,,,,,,,,,,,,,,,,,,,,,,,,,,,,,,,,,,,,,,,,,,,,
MCLAREN,MCLAREN MP4-12C,"MCLAREN MP4-12C  (2011-2014) Photos, engines & full specs",MCLAREN MP4-12C3.8L V8 7AT RWD (600 HP),https://www.autoevolution.com/cars/mclaren-mp4-12c-2011.html,,,,,,,,,,,,,,,,,,,,,18 mpg US (13.1 L/100Km),,,,,15 mpg US (15.7 L/100Km),22 mpg US (10.7 L/100Km),,,,,,,,,279 g/km,,,,,,,,,,,,,,,,,,,,,,,,,,,,,,,,
MCLAREN,MCLAREN MP4-12C,"MCLAREN MP4-12C  (2011-2014) Photos, engines & full specs",MCLAREN MP4-12C3.8L V8 7AT RWD (625 HP),https://www.autoevolution.com/cars/mclaren-mp4-12c-2011.html,V8,3799 cm3,460 KW @ 7500 RPM625 HP @ 7500 RPM617 BHP @ 7500 RPM,443 lb-ft @ 3000-7000 RPM601 Nm @ 3000-7000 RPM,Multipoint Injection,Gasoline,,,,,,,,,,,,,,,,,,,,,,,,,,,,,,,,,,,,,,,,,,,,,,,,,,,,,,,,,,,,,,
MCLAREN,MCLAREN MP4-12C,"MCLAREN MP4-12C  (2011-2014) Photos, engines & full specs",MCLAREN MP4-12C3.8L V8 7AT RWD (625 HP),https://www.autoevolution.com/cars/mclaren-mp4-12c-2011.html,,,,,,,,207 mph (333 km/h),,,,,,,,,,,,,,3.1 s,,,,,,,,,,,,,,,,,,,,,,,,,,,,,,,,,,,,,,,,,,,,,,
MCLAREN,MCLAREN MP4-12C,"MCLAREN MP4-12C  (2011-2014) Photos, engines & full specs",MCLAREN MP4-12C3.8L V8 7AT RWD (625 HP),https://www.autoevolution.com/cars/mclaren-mp4-12c-2011.html,,,,,,,,,Rear Wheel Drive,7-speed automatic (SSG),,,,,,,,,,,,,,,,,,,,,,,,,,,,,,,,,,,,,,,,,,,,,,,,,,,,,,,,,,
MCLAREN,MCLAREN MP4-12C,"MCLAREN MP4-12C  (2011-2014) Photos, engines & full specs",MCLAREN MP4-12C3.8L V8 7AT RWD (625 HP),https://www.autoevolution.com/cars/mclaren-mp4-12c-2011.html,,,,,,,,,,,ceramic discs,ceramic discs,,,,,,,,,,,,,,,,,,,,,,,,,,,,,,,,,,,,,,,,,,,,,,,,,,,,,,,,
MCLAREN,MCLAREN MP4-12C,"MCLAREN MP4-12C  (2011-2014) Photos, engines & full specs",MCLAREN MP4-12C3.8L V8 7AT RWD (625 HP),https://www.autoevolution.com/cars/mclaren-mp4-12c-2011.html,,,,,,,,,,,,,235/35 R19 - 305/30 R20,,,,,,,,,,,,,,,,,,,,,,,,,,,,,,,,,,,,,,,,,,,,,,,,,,,,,,,
MCLAREN,MCLAREN MP4-12C,"MCLAREN MP4-12C  (2011-2014) Photos, engines & full specs",MCLAREN MP4-12C3.8L V8 7AT RWD (625 HP),https://www.autoevolution.com/cars/mclaren-mp4-12c-2011.html,,,,,,,,,,,,,,177.4 in (4506 mm),75.2 in (1910 mm),47.2 in (1199 mm),"74.6/75.1 in (1,895/1,908 mm)",105.1 in (2670 mm),5.1 cuFT (144 L),,,,0.32,,,,,4.7 in (119 mm),,,,,,,,,,,,,,,,,,,,,,,,,,,,,,,,,,,,,,,,
MCLAREN,MCLAREN MP4-12C,"MCLAREN MP4-12C  (2011-2014) Photos, engines & full specs",MCLAREN MP4-12C3.8L V8 7AT RWD (625 HP),https://www.autoevolution.com/cars/mclaren-mp4-12c-2011.html,,,,,,,,,,,,,,,,,,,,2945 lbs (1336 kg),,,,,,,,,,,,,,,,,,,,,,,,,,,,,,,,,,,,,,,,,,,,,,,,
MCLAREN,MCLAREN MP4-12C,"MCLAREN MP4-12C  (2011-2014) Photos, engines & full specs",MCLAREN MP4-12C3.8L V8 7AT RWD (625 HP),https://www.autoevolution.com/cars/mclaren-mp4-12c-2011.html,,,,,,,,,,,,,,,,,,,,,20.1 mpg US (11.7 L/100Km),,,,,16 mpg US (14.7 L/100Km),24 mpg US (9.8 L/100Km),,,,,,,,,279 g/km,,,,,,,,,,,,,,,,,,,,,,,,,,,,,,,,
MCLAREN,MCLAREN MP4-12C Spider,"MCLAREN MP4-12C Spider  (2012-2015) Photos, engines & full specs",MCLAREN MP4-12C Spider3.8 v8 7AT (625 HP),https://www.autoevolution.com/cars/mclaren-mp4-12c-spider-2012.html,V8,3799 cm3,460 KW @ 7500 RPM625 HP @ 7500 RPM617 BHP @ 7500 RPM,443 lb-ft @ 3000-7000 RPM601 Nm @ 3000-7000 RPM,Turbocharged Multipoint Injection,Gasoline,,,,,,,,,,,,,,,,,,,,,,,,,,,,,,,,,,,,,,,,,,,,,,,,,,,,,,,,,,,,,,
MCLAREN,MCLAREN MP4-12C Spider,"MCLAREN MP4-12C Spider  (2012-2015) Photos, engines & full specs",MCLAREN MP4-12C Spider3.8 v8 7AT (625 HP),https://www.autoevolution.com/cars/mclaren-mp4-12c-spider-2012.html,,,,,,,,204 mph (328 km/h),,,,,,,,,,,,,,3.1 s,,,,,,,,,,,,,,,,,,,,,,,,,,,,,,,,,,,,,,,,,,,,,,
MCLAREN,MCLAREN MP4-12C Spider,"MCLAREN MP4-12C Spider  (2012-2015) Photos, engines & full specs",MCLAREN MP4-12C Spider3.8 v8 7AT (625 HP),https://www.autoevolution.com/cars/mclaren-mp4-12c-spider-2012.html,,,,,,,,,Rear Wheel Drive,7-speed automatic (SSG),,,,,,,,,,,,,,,,,,,,,,,,,,,,,,,,,,,,,,,,,,,,,,,,,,,,,,,,,,
MCLAREN,MCLAREN MP4-12C Spider,"MCLAREN MP4-12C Spider  (2012-2015) Photos, engines & full specs",MCLAREN MP4-12C Spider3.8 v8 7AT (625 HP),https://www.autoevolution.com/cars/mclaren-mp4-12c-spider-2012.html,,,,,,,,,,,Cast Iron Discs with Forged Aluminium Hubs 370mm,Cast Iron Discs with Forged Aluminium Hubs 350mm,,,,,,,,,,,,,,,,,,,,,,,,,,,,,,,,,,,,,,,,,,,,,,,,,,,,,,,,
MCLAREN,MCLAREN MP4-12C Spider,"MCLAREN MP4-12C Spider  (2012-2015) Photos, engines & full specs",MCLAREN MP4-12C Spider3.8 v8 7AT (625 HP),https://www.autoevolution.com/cars/mclaren-mp4-12c-spider-2012.html,,,,,,,,,,,,,Pirelli P Zero 235/35 R19 – 305/30 R20,,,,,,,,,,,,,,,,,,,,,,,,,,,,,,,,,,,,,,,,,,,,,,,,,,,,,,,
MCLAREN,MCLAREN MP4-12C Spider,"MCLAREN MP4-12C Spider  (2012-2015) Photos, engines & full specs",MCLAREN MP4-12C Spider3.8 v8 7AT (625 HP),https://www.autoevolution.com/cars/mclaren-mp4-12c-spider-2012.html,,,,,,,,,,,,,,177.5 in (4509 mm),82.4 in (2093 mm),47.4 in (1204 mm),"65.2/62.3 in (1,656/1,582 mm)",105.1 in (2670 mm),6.92 cuFT (196 L),,,,0.36,,,,,4.7 in (119 mm),,,,,,,,,,,,,,,,,,,,,,,,,,,,,,,,,,,,,,,,
MCLAREN,MCLAREN MP4-12C Spider,"MCLAREN MP4-12C Spider  (2012-2015) Photos, engines & full specs",MCLAREN MP4-12C Spider3.8 v8 7AT (625 HP),https://www.autoevolution.com/cars/mclaren-mp4-12c-spider-2012.html,,,,,,,,,,,,,,,,,,,,3034 lbs (1376 kg),,,,,,,,,3505 lbs (1590 kg),,,,,,,,,,,,,,,,,,,,,,,,,,,,,,,,,,,,,,,
MCLAREN,MCLAREN MP4-12C Spider,"MCLAREN MP4-12C Spider  (2012-2015) Photos, engines & full specs",MCLAREN MP4-12C Spider3.8 v8 7AT (625 HP),https://www.autoevolution.com/cars/mclaren-mp4-12c-spider-2012.html,,,,,,,,,,,,,,,,,,,,,18 mpg US (13.1 L/100Km),,,,,14 mpg US (16.8 L/100Km),22 mpg US (10.7 L/100Km),,,,,,,,,279 g/km,,,,,,,,,,,,,,,,,,,,,,,,,,,,,,,,
MCLAREN,MCLAREN P1,"2013 McLaren P1 Photos, engines & full specs",MCLAREN P13.8 V8 7AT (737 HP),https://www.autoevolution.com/cars/mclaren-p1-2013.html,V8,3799 cm3,542 KW @ 7500 RPM737 HP @ 7500 RPM727 BHP @ 7500 RPM,531 lb-ft @ 4000 RPM720 Nm @ 4000 RPM,Turbocharged Multipoint Injection,Hybrid,,,,,,,,,,,,,,,,,,,,,,,,,,,,,,,,,,,,,,,,,,,,,,,,,,,,,,,,,,,,,,
MCLAREN,MCLAREN P1,"2013 McLaren P1 Photos, engines & full specs",MCLAREN P13.8 V8 7AT (737 HP),https://www.autoevolution.com/cars/mclaren-p1-2013.html,,,,,,,,217 mph (349 km/h),,,,,,,,,,,,,,2.5 s,,,,,,,,,,,,,,,,,,,,,,,,,,,,,,,,,,,,,,,,,,,,,,
MCLAREN,MCLAREN P1,"2013 McLaren P1 Photos, engines & full specs",MCLAREN P13.8 V8 7AT (737 HP),https://www.autoevolution.com/cars/mclaren-p1-2013.html,,,,,,,,,Rear Wheel Drive,7-speed automatic (SSG),,,,,,,,,,,,,,,,,,,,,,,,,,,,,,,,,,,,,,,,,,,,,,,,,,,,,,,,,,
MCLAREN,MCLAREN P1,"2013 McLaren P1 Photos, engines & full specs",MCLAREN P13.8 V8 7AT (737 HP),https://www.autoevolution.com/cars/mclaren-p1-2013.html,,,,,,,,,,,Ceramic,Ceramic,,,,,,,,,,,,,,,,,,,,,,,,,,,,,,,,,,,,,,,,,,,,,,,,,,,,,,,,
MCLAREN,MCLAREN P1,"2013 McLaren P1 Photos, engines & full specs",MCLAREN P13.8 V8 7AT (737 HP),https://www.autoevolution.com/cars/mclaren-p1-2013.html,,,,,,,,,,,,,Front: 245/35 ZR19; Rear: 315/30 ZR20,,,,,,,,,,,,,,,,,,,,,,,,,,,,,,,,,,,,,,,,,,,,,,,,,,,,,,,
MCLAREN,MCLAREN P1,"2013 McLaren P1 Photos, engines & full specs",MCLAREN P13.8 V8 7AT (737 HP),https://www.autoevolution.com/cars/mclaren-p1-2013.html,,,,,,,,,,,,,,180.6 in (4587 mm),76.6 in (1946 mm),46.8 in (1189 mm),"65.3/63.1 in (1,659/1,603 mm)",105.1 in (2670 mm),4.2 cuFT (119 L),,,,0.34,,,,,4.7 in (119 mm),,,,,,,,,,,,,,,,,,,,,,,,,,,,,,,,,,,,,,,,
MCLAREN,MCLAREN P1,"2013 McLaren P1 Photos, engines & full specs",MCLAREN P13.8 V8 7AT (737 HP),https://www.autoevolution.com/cars/mclaren-p1-2013.html,,,,,,,,,,,,,,,,,,,,3075 lbs (1395 kg),,,,,,,,,3300 lbs (1497 kg),,,,,,,,,,,,,,,,,,,,,,,,,,,,,,,,,,,,,,,
MCLAREN,MCLAREN P1,"2013 McLaren P1 Photos, engines & full specs",MCLAREN P13.8 V8 7AT (737 HP),https://www.autoevolution.com/cars/mclaren-p1-2013.html,,,,,,,,,,,,,,,,,,,,,,,,,,16 mpg US (14.7 L/100Km),21 mpg US (11.2 L/100Km),,,,,,,,,200 g/km,,,,,,,,,,,,,,,,,,,,,,,,,,,,,,,,
MCLAREN,MCLAREN Senna,"McLaren Senna Photos, engines & full specs",MCLAREN Senna4.0 V8 (800 HP),https://www.autoevolution.com/cars/mclaren-senna-2018.html,V8,3999 cm3,588.4 KW @ - RPM800 HP @ - RPM789 BHP @ - RPM,590 lb-ft @ 3000 RPM800 Nm @ 3000 RPM,Turbocharged Direct Injection,Gasoline,,,,,,,,,,,,,,,,,,,,,,,,,,,,,,,,,,,,,,,,,,,,,,,,,,,,,,,,,,,,,,
MCLAREN,MCLAREN Senna,"McLaren Senna Photos, engines & full specs",MCLAREN Senna4.0 V8 (800 HP),https://www.autoevolution.com/cars/mclaren-senna-2018.html,,,,,,,,211 mph (340 km/h),,,,,,,,,,,,,,2.8 s,,,,,,,,,,,,,,,,,,,,,,,,,,,,,,,,,,,,,,,,,,,,,,
MCLAREN,MCLAREN Senna,"McLaren Senna Photos, engines & full specs",MCLAREN Senna4.0 V8 (800 HP),https://www.autoevolution.com/cars/mclaren-senna-2018.html,,,,,,,,,Rear Wheel Drive,,,,,,,,,,,,,,,,,,,,,,,,,,,,,,,,,,,,,,,,,,,,,,,,,,,,,,,,,,,
MCLAREN,MCLAREN Senna,"McLaren Senna Photos, engines & full specs",MCLAREN Senna4.0 V8 (800 HP),https://www.autoevolution.com/cars/mclaren-senna-2018.html,,,,,,,,,,,Ventilated Discs,Ventilated Discs,,,,,,,,,,,,,,,,,,,,,,,,,,,,,,,,,,,,,,,,,,,,,,,,,,,,,,,,
MCLAREN,MCLAREN Senna,"McLaren Senna Photos, engines & full specs",MCLAREN Senna4.0 V8 (800 HP),https://www.autoevolution.com/cars/mclaren-senna-2018.html,,,,,,,,,,,,,245/35 ZR19 || 315/30 ZR20,,,,,,,,,,,,,,,,,,,,,,,,,,,,,,,,,,,,,,,,,,,,,,,,,,,,,,,
MCLAREN,MCLAREN Senna,"McLaren Senna Photos, engines & full specs",MCLAREN Senna4.0 V8 (800 HP),https://www.autoevolution.com/cars/mclaren-senna-2018.html,,,,,,,,,,,,,,,,,,,,2641 lbs (1198 kg),,,,,,,,,,,,,,,,,,,,,,,,,,,,,,,,,,,,,,,,,,,,,,,,
